2021,5,1,5,21.88,26.03
2021,5,1,6,148.14,28.08
2021,5,1,7,314.19,30.3
2021,5,1,8,478.54,34.92
2021,5,1,9,706.66,37.95
2021,5,1,10,812.59,39.59
2021,5,1,11,841.62,40.68
2021,5,1,12,792.45,41.33
2021,5,1,13,755.31,41.5
2021,5,1,14,607.59,41.04
2021,5,1,15,448.25,40.31
2021,5,1,16,245.33,39.51
2021,5,1,17,78.31,38.03
2021,5,1,18,5.55,34.23
2021,5,1,19,0,32.69
2021,5,1,20,0,31.77
2021,5,1,21,0,30.86
2021,5,1,22,0,29.98
2021,5,1,23,0,29.17
2021,5,2,0,0,28.96
2021,5,2,1,0,29.19
2021,5,2,2,0,28.19
2021,5,2,3,0,27.4
2021,5,2,4,0,27.14
2021,5,2,5,23.05,27.07
2021,5,2,6,133.27,28.73
2021,5,2,7,285.38,30.14
2021,5,2,8,419.34,33
2021,5,2,9,563.37,35.5
2021,5,2,10,702.47,37.63
2021,5,2,11,793.55,39.14
2021,5,2,12,782.47,39.96
2021,5,2,13,645.71,40.17
2021,5,2,14,495.73,39.73
2021,5,2,15,279.05,38.93
2021,5,2,16,169.41,37.87
2021,5,2,17,61.59,36.56
2021,5,2,18,6.49,34.09
2021,5,2,19,0,32.47
2021,5,2,20,0,31.21
2021,5,2,21,0,30.23
2021,5,2,22,0,29.44
2021,5,2,23,0,28.81
2021,5,3,0,0,28.47
2021,5,3,1,0,28.47
2021,5,3,2,0,28.29
2021,5,3,3,0,27.9
2021,5,3,4,0,27.5
2021,5,3,5,23.68,27.42
2021,5,3,6,143.16,29.23
2021,5,3,7,308.63,32.8
2021,5,3,8,501.52,36.01
2021,5,3,9,691.16,37.53
2021,5,3,10,813.5,38.7
2021,5,3,11,829.55,39.61
2021,5,3,12,821.2,40.19
2021,5,3,13,736.81,40.24
2021,5,3,14,598.49,39.76
2021,5,3,15,431.44,39.22
2021,5,3,16,255.71,38.27
2021,5,3,17,89.97,37.03
2021,5,3,18,6.73,34.27
2021,5,3,19,0,32.48
2021,5,3,20,0,31.58
2021,5,3,21,0,31.3
2021,5,3,22,0,31.48
2021,5,3,23,0,31.17
2021,5,4,0,0,30.19
2021,5,4,1,0,28.98
2021,5,4,2,0,28.01
2021,5,4,3,0,27.4
2021,5,4,4,0,26.86
2021,5,4,5,24.92,26.7
2021,5,4,6,189.38,28.9
2021,5,4,7,389.38,32.07
2021,5,4,8,586.67,37.4
2021,5,4,9,757.27,39.38
2021,5,4,10,898.1,40.67
2021,5,4,11,886.3,41.52
2021,5,4,12,744.48,41.67
2021,5,4,13,615.47,41.41
2021,5,4,14,460.34,40.83
2021,5,4,15,328.15,40.26
2021,5,4,16,163.82,39.55
2021,5,4,17,63.48,38.19
2021,5,4,18,6.38,34.9
2021,5,4,19,0,33.3
2021,5,4,20,0,31.98
2021,5,4,21,0,30.87
2021,5,4,22,0,30.02
2021,5,4,23,0,29.32
2021,5,5,0,0,28.69
2021,5,5,1,0,28.03
2021,5,5,2,0,27.26
2021,5,5,3,0,26.44
2021,5,5,4,0,25.76
2021,5,5,5,30.38,25.58
2021,5,5,6,182.48,28.17
2021,5,5,7,373.2,31.85
2021,5,5,8,521.41,35.72
2021,5,5,9,706.09,37.44
2021,5,5,10,843.95,38.85
2021,5,5,11,851.12,39.93
2021,5,5,12,885.57,40.66
2021,5,5,13,765.22,41.05
2021,5,5,14,595.45,40.79
2021,5,5,15,407.88,40.15
2021,5,5,16,238.45,39.1
2021,5,5,17,96.92,37.66
2021,5,5,18,7.62,34.48
2021,5,5,19,0,32.85
2021,5,5,20,0,31.83
2021,5,5,21,0,30.9
2021,5,5,22,0,30.23
2021,5,5,23,0,29.57
2021,5,6,0,0,28.44
2021,5,6,1,0,27.36
2021,5,6,2,0,26.51
2021,5,6,3,0,25.65
2021,5,6,4,0,24.84
2021,5,6,5,29.15,24.64
2021,5,6,6,157.29,26.56
2021,5,6,7,342.02,29.99
2021,5,6,8,515.93,34.49
2021,5,6,9,662.71,37.08
2021,5,6,10,831.59,38.87
2021,5,6,11,858.67,40.11
2021,5,6,12,836.88,40.97
2021,5,6,13,651.95,41.4
2021,5,6,14,169.94,41.01
2021,5,6,15,37.38,40.03
2021,5,6,16,27.76,38.85
2021,5,6,17,11.68,37.48
2021,5,6,18,4.02,35.03
2021,5,6,19,0,33.09
2021,5,6,20,0,31.37
2021,5,6,21,0,29.81
2021,5,6,22,0,28.72
2021,5,6,23,0,27.87
2021,5,7,0,0,27.15
2021,5,7,1,0,26.82
2021,5,7,2,0,26.54
2021,5,7,3,0,26.33
2021,5,7,4,0,25.99
2021,5,7,5,29.76,25.96
2021,5,7,6,158.61,27.88
2021,5,7,7,317.48,30.32
2021,5,7,8,493.91,33.17
2021,5,7,9,682.15,34.87
2021,5,7,10,793.72,36.12
2021,5,7,11,869.37,37.1
2021,5,7,12,837.86,37.66
2021,5,7,13,756.7,37.87
2021,5,7,14,630.34,37.66
2021,5,7,15,498.81,37.18
2021,5,7,16,293.31,36.42
2021,5,7,17,104.09,35.27
2021,5,7,18,7.83,32.51
2021,5,7,19,0,31.15
2021,5,7,20,0,30.26
2021,5,7,21,0,29.22
2021,5,7,22,0,28.33
2021,5,7,23,0,27.54
2021,5,8,0,0,26.83
2021,5,8,1,0,26.25
2021,5,8,2,0,25.82
2021,5,8,3,0,25.73
2021,5,8,4,0,25.83
2021,5,8,5,26.51,26
2021,5,8,6,183.83,27.58
2021,5,8,7,354.13,30.44
2021,5,8,8,535.75,33.8
2021,5,8,9,746.73,35.53
2021,5,8,10,858.01,36.88
2021,5,8,11,841.18,37.88
2021,5,8,12,804,38.63
2021,5,8,13,690.81,39.03
2021,5,8,14,620.1,38.94
2021,5,8,15,443.12,38.37
2021,5,8,16,284.09,37.44
2021,5,8,17,87.54,36.09
2021,5,8,18,7.78,32.8
2021,5,8,19,0,31.33
2021,5,8,20,0,30.56
2021,5,8,21,0,29.9
2021,5,8,22,0,29.15
2021,5,8,23,0,28.3
2021,5,9,0,0,27.44
2021,5,9,1,0,26.68
2021,5,9,2,0,25.99
2021,5,9,3,0,25.3
2021,5,9,4,0,24.65
2021,5,9,5,32.54,24.69
2021,5,9,6,173.23,26.94
2021,5,9,7,352.48,30.24
2021,5,9,8,539.61,34.76
2021,5,9,9,708.62,37.16
2021,5,9,10,854.04,38.73
2021,5,9,11,835.51,39.76
2021,5,9,12,782.25,40.26
2021,5,9,13,651.98,40.58
2021,5,9,14,365.45,40.67
2021,5,9,15,222.84,40.23
2021,5,9,16,114.82,39.46
2021,5,9,17,75.24,38.05
2021,5,9,18,7.04,34.69
2021,5,9,19,0,33.18
2021,5,9,20,0,32.26
2021,5,9,21,0,31.4
2021,5,9,22,0,30.7
2021,5,9,23,0,30.22
2021,5,10,0,0,29.98
2021,5,10,1,0,29.83
2021,5,10,2,0,29.77
2021,5,10,3,0,29.47
2021,5,10,4,0,28.76
2021,5,10,5,26.85,27.8
2021,5,10,6,114.68,30.11
2021,5,10,7,227.93,33.45
2021,5,10,8,367.47,37.07
2021,5,10,9,525.22,38.55
2021,5,10,10,759.49,39.7
2021,5,10,11,665.51,40.44
2021,5,10,12,611.09,40.83
2021,5,10,13,568.81,40.79
2021,5,10,14,605.63,40.19
2021,5,10,15,401.05,39.56
2021,5,10,16,230.85,38.79
2021,5,10,17,92.46,37.73
2021,5,10,18,8.62,35.14
2021,5,10,19,0,33.33
2021,5,10,20,0,32.07
2021,5,10,21,0,30.95
2021,5,10,22,0,29.9
2021,5,10,23,0,28.93
2021,5,11,0,0,27.98
2021,5,11,1,0,27.08
2021,5,11,2,0,26.28
2021,5,11,3,0,25.7
2021,5,11,4,0,25.15
2021,5,11,5,31.48,25.37
2021,5,11,6,164.62,27.58
2021,5,11,7,358.62,30.63
2021,5,11,8,555.29,34.54
2021,5,11,9,730.09,37.23
2021,5,11,10,832.02,38.83
2021,5,11,11,788.43,40.06
2021,5,11,12,772.95,40.79
2021,5,11,13,792.32,41.13
2021,5,11,14,678.32,41.04
2021,5,11,15,515.51,40.62
2021,5,11,16,301.41,39.74
2021,5,11,17,105.7,38.29
2021,5,11,18,8.38,34.78
2021,5,11,19,0,33.41
2021,5,11,20,0,32.65
2021,5,11,21,0,31.91
2021,5,11,22,0,31.19
2021,5,11,23,0,30.51
2021,5,12,0,0,29.88
2021,5,12,1,0,29.3
2021,5,12,2,0,28.8
2021,5,12,3,0,28.32
2021,5,12,4,0,27.58
2021,5,12,5,30.04,26.92
2021,5,12,6,171.29,29.23
2021,5,12,7,360.39,32.57
2021,5,12,8,516.03,35.48
2021,5,12,9,698.67,36.97
2021,5,12,10,819.91,38.02
2021,5,12,11,842.77,39.02
2021,5,12,12,857.96,39.58
2021,5,12,13,672.96,39.72
2021,5,12,14,602.09,39.55
2021,5,12,15,496.62,39.11
2021,5,12,16,292.29,38.24
2021,5,12,17,115.2,36.97
2021,5,12,18,9.04,34.12
2021,5,12,19,0,32.71
2021,5,12,20,0,31.83
2021,5,12,21,0,30.81
2021,5,12,22,0,29.91
2021,5,12,23,0,29.12
2021,5,13,0,0,28.32
2021,5,13,1,0,27.9
2021,5,13,2,0,27.26
2021,5,13,3,0,26.8
2021,5,13,4,0,26.28
2021,5,13,5,25.83,26.33
2021,5,13,6,120.05,28.16
2021,5,13,7,233.02,30.85
2021,5,13,8,330.02,32.62
2021,5,13,9,490.11,33.83
2021,5,13,10,619.45,34.44
2021,5,13,11,796.28,34.67
2021,5,13,12,781.45,34.91
2021,5,13,13,718.17,35.3
2021,5,13,14,647.92,35.89
2021,5,13,15,483.6,35.65
2021,5,13,16,313.45,34.89
2021,5,13,17,108.04,33.81
2021,5,13,18,10.2,32.09
2021,5,13,19,0,30.62
2021,5,13,20,0,29.66
2021,5,13,21,0,28.8
2021,5,13,22,0,28.06
2021,5,13,23,0,27.38
2021,5,14,0,0,26.71
2021,5,14,1,0,26.04
2021,5,14,2,0,25.43
2021,5,14,3,0,24.86
2021,5,14,4,0,24.37
2021,5,14,5,34.73,24.63
2021,5,14,6,176.34,26.73
2021,5,14,7,350.41,29.66
2021,5,14,8,514.23,31.62
2021,5,14,9,615.39,33.33
2021,5,14,10,808.47,34.83
2021,5,14,11,912,36.39
2021,5,14,12,908.13,37.58
2021,5,14,13,840.89,38.25
2021,5,14,14,699.86,38.46
2021,5,14,15,524.46,38.37
2021,5,14,16,309.03,37.76
2021,5,14,17,115.77,36.66
2021,5,14,18,10.64,33.91
2021,5,14,19,0,32.19
2021,5,14,20,0,31.22
2021,5,14,21,0,30.3
2021,5,14,22,0,29.58
2021,5,14,23,0,29.08
2021,5,15,0,0,28.77
2021,5,15,1,0,28.33
2021,5,15,2,0,27.67
2021,5,15,3,0,27.07
2021,5,15,4,0,26.53
2021,5,15,5,28.63,26.69
2021,5,15,6,107.88,28.98
2021,5,15,7,175.8,32.48
2021,5,15,8,254.66,35
2021,5,15,9,418.33,36.62
2021,5,15,10,463.45,37.94
2021,5,15,11,814.32,39.24
2021,5,15,12,835.06,39.93
2021,5,15,13,737,40.12
2021,5,15,14,488.12,39.88
2021,5,15,15,365.39,39.08
2021,5,15,16,309.12,38.36
2021,5,15,17,124.98,37.3
2021,5,15,18,9.02,34.64
2021,5,15,19,0,32.87
2021,5,15,20,0,31.98
2021,5,15,21,0,31.08
2021,5,15,22,0,30.23
2021,5,15,23,0,29.38
2021,5,16,0,0,28.6
2021,5,16,1,0,27.86
2021,5,16,2,0,27.19
2021,5,16,3,0,26.6
2021,5,16,4,0,26.08
2021,5,16,5,35.99,26.43
2021,5,16,6,198.84,29.15
2021,5,16,7,394.45,32.67
2021,5,16,8,563.63,35.72
2021,5,16,9,772.05,37.33
2021,5,16,10,885.27,38.75
2021,5,16,11,932.4,39.91
2021,5,16,12,920.81,40.86
2021,5,16,13,860.76,41.41
2021,5,16,14,709.64,41.48
2021,5,16,15,528.39,41.01
2021,5,16,16,318.65,40.05
2021,5,16,17,134.98,38.59
2021,5,16,18,11.16,35.02
2021,5,16,19,0,33.01
2021,5,16,20,0,32.19
2021,5,16,21,0,32.07
2021,5,16,22,0,31.99
2021,5,16,23,0,31.44
2021,5,17,0,0,30.74
2021,5,17,1,0,29.73
2021,5,17,2,0,28.94
2021,5,17,3,0,28.44
2021,5,17,4,0,27.73
2021,5,17,5,27.94,27.87
2021,5,17,6,123.25,29.9
2021,5,17,7,244.02,32.18
2021,5,17,8,344.55,34.98
2021,5,17,9,445.56,35.12
2021,5,17,10,458.84,35.07
2021,5,17,11,449.12,35.07
2021,5,17,12,333.12,36.05
2021,5,17,13,303.9,37.47
2021,5,17,14,302.48,38.39
2021,5,17,15,176.77,38.56
2021,5,17,16,110.3,38.13
2021,5,17,17,34.3,37.06
2021,5,17,18,8.09,33.98
2021,5,17,19,0,32.92
2021,5,17,20,0,32.59
2021,5,17,21,0,32.08
2021,5,17,22,0,31.24
2021,5,17,23,0,30.25
2021,5,18,0,0,29.26
2021,5,18,1,0,28.35
2021,5,18,2,0,27.55
2021,5,18,3,0,26.92
2021,5,18,4,0,26.4
2021,5,18,5,16.95,26.23
2021,5,18,6,70.63,27.58
2021,5,18,7,132.04,29.89
2021,5,18,8,223.68,32
2021,5,18,9,210.62,33.57
2021,5,18,10,199.92,34.29
2021,5,18,11,191.61,34.18
2021,5,18,12,243.07,33.99
2021,5,18,13,195.09,33.92
2021,5,18,14,156.98,33.83
2021,5,18,15,123.37,33.48
2021,5,18,16,110.16,32.81
2021,5,18,17,31.43,31.87
2021,5,18,18,7.47,30.55
2021,5,18,19,0,29.54
2021,5,18,20,0,28.79
2021,5,18,21,0,27.83
2021,5,18,22,0,26.87
2021,5,18,23,0,26.29
2021,5,19,0,0,25.69
2021,5,19,1,0,25.1
2021,5,19,2,0,24.88
2021,5,19,3,0,24.58
2021,5,19,4,0,24.05
2021,5,19,5,18.14,23.64
2021,5,19,6,26.66,24.47
2021,5,19,7,42.43,26.75
2021,5,19,8,154.05,29.55
2021,5,19,9,245.13,31.45
2021,5,19,10,215.55,32.12
2021,5,19,11,209.09,31.48
2021,5,19,12,178.2,29.35
2021,5,19,13,102.66,27.4
2021,5,19,14,55.85,26.15
2021,5,19,15,70.64,25.46
2021,5,19,16,46.52,24.8
2021,5,19,17,16.76,24.15
2021,5,19,18,5.27,23.53
2021,5,19,19,0,23.23
2021,5,19,20,0,22.94
2021,5,19,21,0,22.58
2021,5,19,22,0,22.23
2021,5,19,23,0,21.96
2021,5,20,0,0,21.69
2021,5,20,1,0,21.43
2021,5,20,2,0,21.28
2021,5,20,3,0,21.26
2021,5,20,4,0,21.25
2021,5,20,5,30.33,21.45
2021,5,20,6,85.93,23.08
2021,5,20,7,183.34,25.32
2021,5,20,8,368.17,27.05
2021,5,20,9,476.1,28.51
2021,5,20,10,488.45,29.96
2021,5,20,11,604.29,31.36
2021,5,20,12,664.66,32.64
2021,5,20,13,688.05,33.6
2021,5,20,14,628.74,34.5
2021,5,20,15,468.52,34.92
2021,5,20,16,301.84,34.58
2021,5,20,17,117.05,32.99
2021,5,20,18,11.91,30.83
2021,5,20,19,0,30.44
2021,5,20,20,0,29.45
2021,5,20,21,0,27.45
2021,5,20,22,0,25.8
2021,5,20,23,0,24.99
2021,5,21,0,0,24.48
2021,5,21,1,0,23.94
2021,5,21,2,0,23.4
2021,5,21,3,0,22.88
2021,5,21,4,0,22.41
2021,5,21,5,15.02,22.73
2021,5,21,6,60.48,24.5
2021,5,21,7,53.12,25.94
2021,5,21,8,97.57,28.76
2021,5,21,9,330.71,31.45
2021,5,21,10,546.57,32.62
2021,5,21,11,638,33.42
2021,5,21,12,828.23,33.94
2021,5,21,13,780.17,34.26
2021,5,21,14,663.89,34.4
2021,5,21,15,502.55,34.27
2021,5,21,16,308.45,33.74
2021,5,21,17,123.93,32.69
2021,5,21,18,13.24,29.94
2021,5,21,19,0,27.97
2021,5,21,20,0,27.01
2021,5,21,21,0,26.26
2021,5,21,22,0,25.58
2021,5,21,23,0,24.96
2021,5,22,0,0,24.87
2021,5,22,1,0,24.56
2021,5,22,2,0,24.19
2021,5,22,3,0,23.88
2021,5,22,4,0,23.47
2021,5,22,5,35.17,23.61
2021,5,22,6,180.52,24.94
2021,5,22,7,368.27,26.4
2021,5,22,8,543.55,29.67
2021,5,22,9,719.28,32.52
2021,5,22,10,853.4,34.12
2021,5,22,11,929.43,35.23
2021,5,22,12,918.93,35.87
2021,5,22,13,862.2,36.11
2021,5,22,14,748.29,36.19
2021,5,22,15,572.91,35.88
2021,5,22,16,361.46,35.14
2021,5,22,17,153.92,33.68
2021,5,22,18,14.75,30.6
2021,5,22,19,0,29.36
2021,5,22,20,0,28.83
2021,5,22,21,0,28.29
2021,5,22,22,0,27.68
2021,5,22,23,0,27.02
2021,5,23,0,0,26.45
2021,5,23,1,0,25.91
2021,5,23,2,0,25.01
2021,5,23,3,0,23.63
2021,5,23,4,0,22.3
2021,5,23,5,40.88,22.23
2021,5,23,6,184.57,24.35
2021,5,23,7,346.25,26.66
2021,5,23,8,508.66,29.87
2021,5,23,9,653.21,31.79
2021,5,23,10,833.12,33.24
2021,5,23,11,823.45,34.24
2021,5,23,12,779.8,35.05
2021,5,23,13,758.06,35.51
2021,5,23,14,567.64,35.5
2021,5,23,15,400.93,34.98
2021,5,23,16,258.03,33.98
2021,5,23,17,111.29,32.37
2021,5,23,18,13.6,29.33
2021,5,23,19,0,27.74
2021,5,23,20,0,26.87
2021,5,23,21,0,26.05
2021,5,23,22,0,25.31
2021,5,23,23,0,24.59
2021,5,24,0,0,23.94
2021,5,24,1,0,23.32
2021,5,24,2,0,22.74
2021,5,24,3,0,22.24
2021,5,24,4,0,21.79
2021,5,24,5,9.34,22.13
2021,5,24,6,201.26,24.56
2021,5,24,7,377.65,27.05
2021,5,24,8,528.82,30.93
2021,5,24,9,649.45,33.08
2021,5,24,10,901.05,34.68
2021,5,24,11,953.29,35.9
2021,5,24,12,947.66,36.69
2021,5,24,13,887.14,37.12
2021,5,24,14,753.11,37.23
2021,5,24,15,571.38,36.94
2021,5,24,16,357.88,36.05
2021,5,24,17,153.08,33.94
2021,5,24,18,15.61,29.94
2021,5,24,19,0,28.12
2021,5,24,20,0,27.26
2021,5,24,21,0,26.42
2021,5,24,22,0,25.69
2021,5,24,23,0,25.05
2021,5,25,0,0,24.48
2021,5,25,1,0,23.97
2021,5,25,2,0,23.51
2021,5,25,3,0,23.05
2021,5,25,4,0,22.62
2021,5,25,5,53.74,23.15
2021,5,25,6,240.18,26.5
2021,5,25,7,459.44,29.32
2021,5,25,8,664.43,33.36
2021,5,25,9,835.38,35.81
2021,5,25,10,945.21,37.37
2021,5,25,11,984.63,38.67
2021,5,25,12,977.43,39.61
2021,5,25,13,917.96,40.15
2021,5,25,14,782.3,40.29
2021,5,25,15,597.05,39.87
2021,5,25,16,376.98,38.78
2021,5,25,17,159.45,36.19
2021,5,25,18,16.67,31.91
2021,5,25,19,0,30.15
2021,5,25,20,0,29.31
2021,5,25,21,0,28.52
2021,5,25,22,0,27.81
2021,5,25,23,0,27.14
2021,5,26,0,0,26.48
2021,5,26,1,0,25.89
2021,5,26,2,0,25.34
2021,5,26,3,0,24.91
2021,5,26,4,0,24.67
2021,5,26,5,50.87,25.35
2021,5,26,6,218.7,29
2021,5,26,7,427.56,31.64
2021,5,26,8,626.8,35.11
2021,5,26,9,795.74,37.9
2021,5,26,10,901.35,39.05
2021,5,26,11,945.49,39.89
2021,5,26,12,939.49,40.44
2021,5,26,13,881.45,40.68
2021,5,26,14,744.38,40.58
2021,5,26,15,561.22,40.08
2021,5,26,16,349.28,39.01
2021,5,26,17,145.68,36.62
2021,5,26,18,16.38,32.59
2021,5,26,19,0,31.09
2021,5,26,20,0,30.58
2021,5,26,21,0,30.23
2021,5,26,22,0,29.98
2021,5,26,23,0,29.75
2021,5,27,0,0,29.49
2021,5,27,1,0,29.01
2021,5,27,2,0,28.3
2021,5,27,3,0,27.44
2021,5,27,4,0,26.5
2021,5,27,5,51.57,26.14
2021,5,27,6,222.1,28.37
2021,5,27,7,429.85,30.21
2021,5,27,8,626.65,34.26
2021,5,27,9,791.45,38.29
2021,5,27,10,899.03,39.65
2021,5,27,11,912.62,40.58
2021,5,27,12,906.48,41.23
2021,5,27,13,849.7,41.53
2021,5,27,14,719.27,41.6
2021,5,27,15,540.1,41.32
2021,5,27,16,333.04,40.44
2021,5,27,17,147.38,38.55
2021,5,27,18,16.09,36.26
2021,5,27,19,0,35.35
2021,5,27,20,0,33.68
2021,5,27,21,0,31.66
2021,5,27,22,0,29.83
2021,5,27,23,0,28.36
2021,5,28,0,0,27.15
2021,5,28,1,0,26.1
2021,5,28,2,0,25.15
2021,5,28,3,0,24.24
2021,5,28,4,0,23.4
2021,5,28,5,49,23.48
2021,5,28,6,209.98,25.37
2021,5,28,7,409.55,27.76
2021,5,28,8,602.38,31.9
2021,5,28,9,765.48,35.26
2021,5,28,10,872.9,37.01
2021,5,28,11,928.21,38.47
2021,5,28,12,925.68,39.55
2021,5,28,13,871.54,40.25
2021,5,28,14,744.91,40.71
2021,5,28,15,568.34,40.81
2021,5,28,16,359.55,40.26
2021,5,28,17,159.77,38.71
2021,5,28,18,17.58,34.6
2021,5,28,19,0,32.43
2021,5,28,20,0,31.33
2021,5,28,21,0,30.37
2021,5,28,22,0,29.35
2021,5,28,23,0,28.37
2021,5,29,0,0,27.49
2021,5,29,1,0,26.77
2021,5,29,2,0,26.26
2021,5,29,3,0,25.97
2021,5,29,4,0,25.8
2021,5,29,5,46.01,25.94
2021,5,29,6,203.45,27.55
2021,5,29,7,407.48,29.84
2021,5,29,8,607.61,32.12
2021,5,29,9,776.39,34.3
2021,5,29,10,893.05,36.25
2021,5,29,11,890.54,37.68
2021,5,29,12,886.09,38.77
2021,5,29,13,834.53,39.52
2021,5,29,14,673.95,39.87
2021,5,29,15,489.2,39.81
2021,5,29,16,291.58,39.24
2021,5,29,17,122.97,37.64
2021,5,29,18,16.79,34.4
2021,5,29,19,0,32.88
2021,5,29,20,0,31.88
2021,5,29,21,0,30.82
2021,5,29,22,0,29.85
2021,5,29,23,0,28.92
2021,5,30,0,0,28.07
2021,5,30,1,0,27.31
2021,5,30,2,0,26.62
2021,5,30,3,0,25.99
2021,5,30,4,0,25.48
2021,5,30,5,33.2,25.33
2021,5,30,6,163.34,26.68
2021,5,30,7,341.36,28.94
2021,5,30,8,525.52,31.08
2021,5,30,9,698.38,32.97
2021,5,30,10,808.88,34.73
2021,5,30,11,872.45,36.51
2021,5,30,12,869.98,37.89
2021,5,30,13,812.9,38.9
2021,5,30,14,679.37,39.46
2021,5,30,15,500.94,39.44
2021,5,30,16,290.52,38.88
2021,5,30,17,108.27,37.72
2021,5,30,18,14.27,35.42
2021,5,30,19,0,33.44
2021,5,30,20,0,32.34
2021,5,30,21,0,31.51
2021,5,30,22,0,30.76
2021,5,30,23,0,30.08
2021,5,31,0,0,29.57
2021,5,31,1,0,29.1
2021,5,31,2,0,28.69
2021,5,31,3,0,28.44
2021,5,31,4,0,28.15
2021,5,31,5,28.75,28.41
2021,5,31,6,141.66,30.12
2021,5,31,7,287.82,32.74
2021,5,31,8,438.86,36
2021,5,31,9,597,37.62
2021,5,31,10,691.45,38.74
2021,5,31,11,879.48,39.67
2021,5,31,12,888.11,40.34
2021,5,31,13,825.46,40.69
2021,5,31,14,703.95,40.87
2021,5,31,15,524.42,40.73
2021,5,31,16,323.75,40.16
2021,5,31,17,141.06,39.13
2021,5,31,18,17.38,37.37
2021,5,31,19,0,35.44
2021,5,31,20,0,34.19
2021,5,31,21,0,33.36
2021,5,31,22,0,32.44
2021,5,31,23,0,31.51
2021,6,1,0,0,30.58
2021,6,1,1,0,30.13
2021,6,1,2,0,29.12
2021,6,1,3,0,27.65
2021,6,1,4,5.63,26.44
2021,6,1,5,33.48,26.04
2021,6,1,6,176.07,27.33
2021,6,1,7,351.09,28.32
2021,6,1,8,375.51,30.83
2021,6,1,9,425.21,32.92
2021,6,1,10,626.52,33.69
2021,6,1,11,722.75,34.35
2021,6,1,12,581.27,34.96
2021,6,1,13,519.59,35.34
2021,6,1,14,537.82,35.25
2021,6,1,15,462.8,35.01
2021,6,1,16,298.64,34.57
2021,6,1,17,110.01,33.61
2021,6,1,18,12.91,31.75
2021,6,1,19,0,30
2021,6,1,20,0,28.98
2021,6,1,21,0,28.5
2021,6,1,22,0,28.11
2021,6,1,23,0,27.69
2021,6,2,0,0,27.16
2021,6,2,1,0,26.57
2021,6,2,2,0,26.05
2021,6,2,3,0,25.67
2021,6,2,4,0,25.3
2021,6,2,5,36.7,25.55
2021,6,2,6,183.74,27.01
2021,6,2,7,344.69,29.55
2021,6,2,8,514.88,33.14
2021,6,2,9,699.81,34.67
2021,6,2,10,726.36,35.92
2021,6,2,11,678.81,36.91
2021,6,2,12,767.16,37.72
2021,6,2,13,717.48,38.14
2021,6,2,14,533.22,38.06
2021,6,2,15,420.4,37.5
2021,6,2,16,285.09,36.6
2021,6,2,17,116.25,35.4
2021,6,2,18,17.43,33.58
2021,6,2,19,0,32.46
2021,6,2,20,0,31.32
2021,6,2,21,0,30.31
2021,6,2,22,0,29.44
2021,6,2,23,0,28.77
2021,6,3,0,0,28.4
2021,6,3,1,0,27.96
2021,6,3,2,0,27.58
2021,6,3,3,0,27.29
2021,6,3,4,0,27.07
2021,6,3,5,42.17,26.97
2021,6,3,6,188.88,27.33
2021,6,3,7,356.44,29.36
2021,6,3,8,557.38,31.42
2021,6,3,9,721.56,33.08
2021,6,3,10,838.05,34.42
2021,6,3,11,890.14,35.78
2021,6,3,12,878.77,36.74
2021,6,3,13,784.67,37.16
2021,6,3,14,689.45,37.3
2021,6,3,15,486.27,37.23
2021,6,3,16,309.43,36.69
2021,6,3,17,135.12,35.66
2021,6,3,18,19.49,33.53
2021,6,3,19,0,32.26
2021,6,3,20,0,31.5
2021,6,3,21,0,30.76
2021,6,3,22,0,30.09
2021,6,3,23,0,29.45
2021,6,4,0,0,28.82
2021,6,4,1,0,28.1
2021,6,4,2,0,27.35
2021,6,4,3,0,26.57
2021,6,4,4,0,25.95
2021,6,4,5,37.5,26.39
2021,6,4,6,172.91,28.21
2021,6,4,7,343.91,31.29
2021,6,4,8,539.69,35.18
2021,6,4,9,684.15,36.76
2021,6,4,10,847.68,37.9
2021,6,4,11,722.25,38.82
2021,6,4,12,723.05,39.44
2021,6,4,13,721.48,39.79
2021,6,4,14,572.72,39.76
2021,6,4,15,396.58,39.44
2021,6,4,16,222.02,38.74
2021,6,4,17,80.34,37.55
2021,6,4,18,14.96,35.5
2021,6,4,19,0,34.56
2021,6,4,20,0,33.89
2021,6,4,21,0,32.85
2021,6,4,22,0,31.72
2021,6,4,23,0,30.73
2021,6,5,0,0,29.9
2021,6,5,1,0,29.14
2021,6,5,2,0,28.52
2021,6,5,3,0,27.94
2021,6,5,4,0,27.44
2021,6,5,5,53.7,27.62
2021,6,5,6,215.52,29.1
2021,6,5,7,410.23,31.57
2021,6,5,8,591.73,34.83
2021,6,5,9,792.7,36.76
2021,6,5,10,889.34,37.93
2021,6,5,11,856.27,38.85
2021,6,5,12,847.17,39.48
2021,6,5,13,792.45,39.76
2021,6,5,14,624.69,39.76
2021,6,5,15,374.12,39.37
2021,6,5,16,161.74,38.68
2021,6,5,17,88.25,37.55
2021,6,5,18,16,35.88
2021,6,5,19,0,34.19
2021,6,5,20,0,32.94
2021,6,5,21,0,31.88
2021,6,5,22,0,31
2021,6,5,23,0,30.26
2021,6,6,0,0,29.5
2021,6,6,1,0,28.76
2021,6,6,2,0,28.09
2021,6,6,3,0,27.55
2021,6,6,4,0,27.06
2021,6,6,5,37.69,27.37
2021,6,6,6,193,28.72
2021,6,6,7,373.05,31.72
2021,6,6,8,546.97,34.7
2021,6,6,9,741.57,36.16
2021,6,6,10,847.84,37.12
2021,6,6,11,909.71,38.02
2021,6,6,12,901.52,38.75
2021,6,6,13,850.27,39.12
2021,6,6,14,724.83,39.26
2021,6,6,15,549.6,39.16
2021,6,6,16,346.91,38.55
2021,6,6,17,149.07,37.34
2021,6,6,18,20.62,34.67
2021,6,6,19,0,33.83
2021,6,6,20,0,33.69
2021,6,6,21,0,33.13
2021,6,6,22,0,32.21
2021,6,6,23,0,31.12
2021,6,7,0,0,29.96
2021,6,7,1,0,28.98
2021,6,7,2,0,28.29
2021,6,7,3,0,27.76
2021,6,7,4,0,27.36
2021,6,7,5,48.65,28.05
2021,6,7,6,206.3,30.28
2021,6,7,7,375.89,33.57
2021,6,7,8,568.3,36.97
2021,6,7,9,755.68,38.51
2021,6,7,10,868.21,39.73
2021,6,7,11,868.02,40.65
2021,6,7,12,857.8,41.33
2021,6,7,13,787.8,41.68
2021,6,7,14,671.2,41.66
2021,6,7,15,466.68,41.14
2021,6,7,16,302.37,40.2
2021,6,7,17,129.31,38.64
2021,6,7,18,19.93,35.87
2021,6,7,19,0,34.33
2021,6,7,20,0,33.54
2021,6,7,21,0,32.72
2021,6,7,22,0,32.06
2021,6,7,23,0,31.25
2021,6,8,0,0,30.55
2021,6,8,1,0,29.96
2021,6,8,2,0,29.54
2021,6,8,3,0,29.28
2021,6,8,4,0,29.06
2021,6,8,5,43.92,29.62
2021,6,8,6,190.58,31.6
2021,6,8,7,373.96,34.4
2021,6,8,8,561.89,38.14
2021,6,8,9,731.75,39.9
2021,6,8,10,830.59,40.97
2021,6,8,11,857.66,41.76
2021,6,8,12,729.9,42.33
2021,6,8,13,790.52,42.61
2021,6,8,14,674.62,42.5
2021,6,8,15,476.95,42.15
2021,6,8,16,309.55,41.44
2021,6,8,17,126.09,39.82
2021,6,8,18,20.32,36.53
2021,6,8,19,0,34.79
2021,6,8,20,0,33.98
2021,6,8,21,0,33.26
2021,6,8,22,0,32.65
2021,6,8,23,0,32.15
2021,6,9,0,0,31.72
2021,6,9,1,0,31.26
2021,6,9,2,0,30.76
2021,6,9,3,0,30.23
2021,6,9,4,0,29.69
2021,6,9,5,41.24,29.74
2021,6,9,6,177.55,31.41
2021,6,9,7,357.8,34.48
2021,6,9,8,528.31,37.18
2021,6,9,9,676.8,39.08
2021,6,9,10,825.13,40.69
2021,6,9,11,783.2,41.71
2021,6,9,12,775.83,42.45
2021,6,9,13,732.23,42.8
2021,6,9,14,602.89,42.83
2021,6,9,15,449.28,42.56
2021,6,9,16,287.34,41.83
2021,6,9,17,115.41,40.5
2021,6,9,18,19.23,37.93
2021,6,9,19,0,36.93
2021,6,9,20,0,36.03
2021,6,9,21,0,34.79
2021,6,9,22,0,33.62
2021,6,9,23,0,32.61
2021,6,10,0,0,31.69
2021,6,10,1,0,30.87
2021,6,10,2,0,30.12
2021,6,10,3,0,29.4
2021,6,10,4,0,28.64
2021,6,10,5,42.3,28.95
2021,6,10,6,179.98,30.89
2021,6,10,7,363.45,33.55
2021,6,10,8,529.27,35.86
2021,6,10,9,685.12,37.65
2021,6,10,10,810.94,39.2
2021,6,10,11,785.95,40.23
2021,6,10,12,699.58,40.97
2021,6,10,13,646.51,41.29
2021,6,10,14,553.88,41.25
2021,6,10,15,419.68,41.08
2021,6,10,16,253.77,40.64
2021,6,10,17,103.9,39.4
2021,6,10,18,18.62,37.13
2021,6,10,19,0,34.78
2021,6,10,20,0,32.93
2021,6,10,21,0,31.59
2021,6,10,22,0,30.64
2021,6,10,23,0,29.95
2021,6,11,0,0,29.41
2021,6,11,1,0,28.93
2021,6,11,2,0,28.4
2021,6,11,3,0,27.85
2021,6,11,4,0,27.41
2021,6,11,5,44.7,27.46
2021,6,11,6,153.91,28.44
2021,6,11,7,322.62,30.23
2021,6,11,8,512.2,32.54
2021,6,11,9,708.02,34.76
2021,6,11,10,766.15,36.85
2021,6,11,11,798.65,38.37
2021,6,11,12,798.4,39.51
2021,6,11,13,741.18,40.29
2021,6,11,14,624.93,40.58
2021,6,11,15,438.91,40.48
2021,6,11,16,279.36,39.79
2021,6,11,17,118.63,38.28
2021,6,11,18,20.59,35.63
2021,6,11,19,0,33.56
2021,6,11,20,0,32.12
2021,6,11,21,0,31.17
2021,6,11,22,0,30.46
2021,6,11,23,0,29.9
2021,6,12,0,0,29.4
2021,6,12,1,0,28.94
2021,6,12,2,0,28.57
2021,6,12,3,0,28.23
2021,6,12,4,0,27.94
2021,6,12,5,42.06,28.2
2021,6,12,6,174.97,30.12
2021,6,12,7,327.93,33.01
2021,6,12,8,426.22,35.73
2021,6,12,9,616.52,38.02
2021,6,12,10,779.33,39.55
2021,6,12,11,804.25,40.24
2021,6,12,12,810.3,40.69
2021,6,12,13,734.9,40.81
2021,6,12,14,638.21,40.48
2021,6,12,15,459.74,39.92
2021,6,12,16,287.25,38.87
2021,6,12,17,127.34,37.37
2021,6,12,18,20.88,35.06
2021,6,12,19,0,33.29
2021,6,12,20,0,31.76
2021,6,12,21,0,30.66
2021,6,12,22,0,29.95
2021,6,12,23,0,29.33
2021,6,13,0,0,28.58
2021,6,13,1,0,27.74
2021,6,13,2,0,27.05
2021,6,13,3,0,26.62
2021,6,13,4,0,26.3
2021,6,13,5,45.16,26.5
2021,6,13,6,178.3,28.24
2021,6,13,7,341.26,30.8
2021,6,13,8,490.66,33.03
2021,6,13,9,594,34.66
2021,6,13,10,705.85,36.05
2021,6,13,11,669.38,37.12
2021,6,13,12,693.57,37.26
2021,6,13,13,601.33,37.14
2021,6,13,14,526.33,37.15
2021,6,13,15,388.52,36.77
2021,6,13,16,251.73,36.27
2021,6,13,17,131.41,35.45
2021,6,13,18,20.62,34.04
2021,6,13,19,0,32.79
2021,6,13,20,0,32.13
2021,6,13,21,0,31.48
2021,6,13,22,0,30.86
2021,6,13,23,0,30.26
2021,6,14,0,0,29.63
2021,6,14,1,0,29.01
2021,6,14,2,0,28.47
2021,6,14,3,0,28.12
2021,6,14,4,0,28
2021,6,14,5,49.57,28.55
2021,6,14,6,205.83,30.24
2021,6,14,7,384.82,32.9
2021,6,14,8,569.88,34.62
2021,6,14,9,764.29,36.01
2021,6,14,10,864.63,37.23
2021,6,14,11,866.96,38.03
2021,6,14,12,851.67,38.62
2021,6,14,13,755.09,39
2021,6,14,14,593.49,39.21
2021,6,14,15,422.27,38.94
2021,6,14,16,260.02,38.19
2021,6,14,17,119.16,36.83
2021,6,14,18,23.41,33.94
2021,6,14,19,0,32.68
2021,6,14,20,0,32.58
2021,6,14,21,0,32.6
2021,6,14,22,0,32.3
2021,6,14,23,0,31.48
2021,6,15,0,0,30.32
2021,6,15,1,0,28.85
2021,6,15,2,0,27.65
2021,6,15,3,0,26.88
2021,6,15,4,0,26.32
2021,6,15,5,39.02,26.73
2021,6,15,6,153.12,28.3
2021,6,15,7,312.41,31.47
2021,6,15,8,457.02,34.08
2021,6,15,9,615.41,36.03
2021,6,15,10,767.37,37.6
2021,6,15,11,822.7,38.86
2021,6,15,12,765.82,39.78
2021,6,15,13,749.77,40.24
2021,6,15,14,576.14,40.08
2021,6,15,15,365.45,39.52
2021,6,15,16,205.49,38.5
2021,6,15,17,84.64,36.95
2021,6,15,18,13.06,34.24
2021,6,15,19,0,32.62
2021,6,15,20,0,31.9
2021,6,15,21,0,31.51
2021,6,15,22,0,31.84
2021,6,15,23,0,31.61
2021,6,16,0,0,30.15
2021,6,16,1,0,29.52
2021,6,16,2,0,29.12
2021,6,16,3,0,28.84
2021,6,16,4,0,28.36
2021,6,16,5,25.48,27.92
2021,6,16,6,135.52,27.85
2021,6,16,7,315.23,29.14
2021,6,16,8,467.71,30.84
2021,6,16,9,543.75,32.48
2021,6,16,10,642.61,33.88
2021,6,16,11,617.9,35
2021,6,16,12,573.27,35.72
2021,6,16,13,618.09,36.13
2021,6,16,14,515.84,36.25
2021,6,16,15,401.49,36.1
2021,6,16,16,261.96,35.58
2021,6,16,17,129.02,34.8
2021,6,16,18,18.55,33.65
2021,6,16,19,0,32.32
2021,6,16,20,0,31.48
2021,6,16,21,0,30.67
2021,6,16,22,0,29.94
2021,6,16,23,0,29.24
2021,6,17,0,0,28.58
2021,6,17,1,0,28
2021,6,17,2,0,27.53
2021,6,17,3,0,27.2
2021,6,17,4,0,26.91
2021,6,17,5,33.38,27.65
2021,6,17,6,168.44,29.9
2021,6,17,7,335.3,33.03
2021,6,17,8,509.24,34.7
2021,6,17,9,609.18,35.12
2021,6,17,10,641.59,35.51
2021,6,17,11,618.52,35.76
2021,6,17,12,538.89,35.84
2021,6,17,13,575.12,35.75
2021,6,17,14,490.15,35.5
2021,6,17,15,386.39,35.04
2021,6,17,16,276.59,34.25
2021,6,17,17,123.77,33.07
2021,6,17,18,20.88,31.38
2021,6,17,19,0,30.13
2021,6,17,20,0,29.52
2021,6,17,21,0,29.01
2021,6,17,22,0,28.45
2021,6,17,23,0,27.95
2021,6,18,0,0,27.52
2021,6,18,1,0,27.16
2021,6,18,2,0,26.78
2021,6,18,3,0,26.33
2021,6,18,4,0,25.95
2021,6,18,5,36.45,26.35
2021,6,18,6,153.9,27.8
2021,6,18,7,307.6,30.68
2021,6,18,8,444.38,33.27
2021,6,18,9,565.64,34.63
2021,6,18,10,611.95,35.69
2021,6,18,11,757.77,36.57
2021,6,18,12,731.51,37.15
2021,6,18,13,655.62,37.42
2021,6,18,14,616.12,37.35
2021,6,18,15,441.27,36.99
2021,6,18,16,278.23,36.12
2021,6,18,17,127.65,34.76
2021,6,18,18,20.7,32.58
2021,6,18,19,0,31.03
2021,6,18,20,0,30.14
2021,6,18,21,0,29.4
2021,6,18,22,0,28.76
2021,6,18,23,0,28.18
2021,6,19,0,0,27.63
2021,6,19,1,0,27.07
2021,6,19,2,0,26.63
2021,6,19,3,0,26.37
2021,6,19,4,0,26.29
2021,6,19,5,25.28,27.08
2021,6,19,6,155.73,29.17
2021,6,19,7,303.48,31.75
2021,6,19,8,487.63,33.44
2021,6,19,9,609.15,34.77
2021,6,19,10,625.79,35.79
2021,6,19,11,620.8,36.1
2021,6,19,12,622.74,36.32
2021,6,19,13,591.33,36.33
2021,6,19,14,515.65,36.12
2021,6,19,15,361.84,35.76
2021,6,19,16,202.9,35.03
2021,6,19,17,99.2,33.79
2021,6,19,18,19.05,31.74
2021,6,19,19,0,30.13
2021,6,19,20,0,29.2
2021,6,19,21,0,28.44
2021,6,19,22,0,27.76
2021,6,19,23,0,27.15
2021,6,20,0,0,26.59
2021,6,20,1,0,26.12
2021,6,20,2,0,25.71
2021,6,20,3,0,25.37
2021,6,20,4,0,25.1
2021,6,20,5,12.49,25.56
2021,6,20,6,99.71,27.38
2021,6,20,7,205.38,29.65
2021,6,20,8,291.4,31.62
2021,6,20,9,350.62,33.1
2021,6,20,10,570.02,34.32
2021,6,20,11,614.41,35.36
2021,6,20,12,635.54,36.07
2021,6,20,13,641.08,36.34
2021,6,20,14,564.6,36.44
2021,6,20,15,440.42,36.41
2021,6,20,16,266.52,36.01
2021,6,20,17,122.65,35.22
2021,6,20,18,20.59,33.76
2021,6,20,19,0,32.34
2021,6,20,20,0,31.39
2021,6,20,21,0,30.66
2021,6,20,22,0,30.04
2021,6,20,23,0,29.41
2021,6,21,0,0,28.81
2021,6,21,1,0,28.24
2021,6,21,2,0,27.73
2021,6,21,3,0,27.39
2021,6,21,4,0,27.05
2021,6,21,5,21.23,27.5
2021,6,21,6,155.57,29.12
2021,6,21,7,298.94,32.6
2021,6,21,8,495.19,34.37
2021,6,21,9,641.72,35.69
2021,6,21,10,709.23,36.98
2021,6,21,11,845.06,38.08
2021,6,21,12,801.03,38.94
2021,6,21,13,702.53,39.44
2021,6,21,14,657.43,39.61
2021,6,21,15,488.22,39.4
2021,6,21,16,288.98,38.69
2021,6,21,17,131.77,37.39
2021,6,21,18,22.38,34.67
2021,6,21,19,0,33.49
2021,6,21,20,0,33.26
2021,6,21,21,0,33.01
2021,6,21,22,0,32.26
2021,6,21,23,0,31.16
2021,6,22,0,0,29.94
2021,6,22,1,0,28.98
2021,6,22,2,0,28.3
2021,6,22,3,0,27.73
2021,6,22,4,0,27.31
2021,6,22,5,38.27,27.94
2021,6,22,6,165.78,29.69
2021,6,22,7,321.02,32.94
2021,6,22,8,505.08,35.08
2021,6,22,9,676.12,36.69
2021,6,22,10,777.38,38.1
2021,6,22,11,812.26,39.38
2021,6,22,12,831.17,40.3
2021,6,22,13,773.95,40.76
2021,6,22,14,643.58,40.83
2021,6,22,15,510.91,40.62
2021,6,22,16,322.23,39.92
2021,6,22,17,141.19,38.49
2021,6,22,18,24.7,35.53
2021,6,22,19,0,34.1
2021,6,22,20,0,33.4
2021,6,22,21,0,32.62
2021,6,22,22,0,31.87
2021,6,22,23,0,31.14
2021,6,23,0,0,30.49
2021,6,23,1,0,29.87
2021,6,23,2,0,29.33
2021,6,23,3,0,28.8
2021,6,23,4,0,28.57
2021,6,23,5,39.23,29.3
2021,6,23,6,177.47,31.01
2021,6,23,7,344.24,33.34
2021,6,23,8,556.57,37.07
2021,6,23,9,736.02,38.42
2021,6,23,10,821.3,39.37
2021,6,23,11,812.3,40.15
2021,6,23,12,784.08,40.74
2021,6,23,13,730.26,41.03
2021,6,23,14,622.49,41.05
2021,6,23,15,467,40.79
2021,6,23,16,330.47,40.12
2021,6,23,17,119.88,38.98
2021,6,23,18,20.13,36.33
2021,6,23,19,0,34.23
2021,6,23,20,0,32.98
2021,6,23,21,0,31.98
2021,6,23,22,0,31.08
2021,6,23,23,0,30.26
2021,6,24,0,0,29.48
2021,6,24,1,0,28.76
2021,6,24,2,0,28.17
2021,6,24,3,0,27.62
2021,6,24,4,0,27.12
2021,6,24,5,33.75,27.67
2021,6,24,6,150.77,29.53
2021,6,24,7,278.63,33
2021,6,24,8,437.72,35.57
2021,6,24,9,561.81,36.95
2021,6,24,10,732.89,38.09
2021,6,24,11,725.58,39.15
2021,6,24,12,699.11,39.97
2021,6,24,13,717.44,40.46
2021,6,24,14,547.55,40.8
2021,6,24,15,329.01,40.8
2021,6,24,16,208.33,40.24
2021,6,24,17,100.45,39.05
2021,6,24,18,19.24,36.25
2021,6,24,19,0,34.37
2021,6,24,20,0,33.23
2021,6,24,21,0,32.23
2021,6,24,22,0,31.25
2021,6,24,23,0,30.39
2021,6,25,0,0,29.47
2021,6,25,1,0,28.4
2021,6,25,2,0,27.52
2021,6,25,3,0,26.93
2021,6,25,4,0,26.57
2021,6,25,5,35.88,27.19
2021,6,25,6,167.91,29.23
2021,6,25,7,329.58,32.5
2021,6,25,8,517.94,35.55
2021,6,25,9,670.51,37.45
2021,6,25,10,813.89,38.83
2021,6,25,11,851.85,39.97
2021,6,25,12,841.3,40.65
2021,6,25,13,782.75,40.83
2021,6,25,14,653.76,40.69
2021,6,25,15,464.29,40.23
2021,6,25,16,304.99,39.37
2021,6,25,17,123.4,37.93
2021,6,25,18,16.98,35.01
2021,6,25,19,0,33.48
2021,6,25,20,0,32.83
2021,6,25,21,0,32.12
2021,6,25,22,0,29.9
2021,6,25,23,0,26.83
2021,6,26,0,0,25.3
2021,6,26,1,0,25.3
2021,6,26,2,0,25.73
2021,6,26,3,0,25.78
2021,6,26,4,0,25.8
2021,6,26,5,22.82,26.08
2021,6,26,6,110.16,27.38
2021,6,26,7,233.28,30.35
2021,6,26,8,379.04,32.77
2021,6,26,9,580.23,35.17
2021,6,26,10,806.38,36.79
2021,6,26,11,843.76,37.87
2021,6,26,12,819.66,38.61
2021,6,26,13,784.88,38.98
2021,6,26,14,663.53,38.98
2021,6,26,15,430.77,38.73
2021,6,26,16,259.08,38.16
2021,6,26,17,106.3,37.08
2021,6,26,18,22.51,34.9
2021,6,26,19,0,33.34
2021,6,26,20,0,32.26
2021,6,26,21,0,31.43
2021,6,26,22,0,30.71
2021,6,26,23,0,30
2021,6,27,0,0,29.19
2021,6,27,1,0,28.4
2021,6,27,2,0,27.83
2021,6,27,3,0,27.31
2021,6,27,4,0,26.87
2021,6,27,5,40.35,27.48
2021,6,27,6,162.02,29.19
2021,6,27,7,323.61,32.82
2021,6,27,8,513.81,35.27
2021,6,27,9,709.38,36.97
2021,6,27,10,816.22,38.33
2021,6,27,11,793.7,39.35
2021,6,27,12,686.85,40.09
2021,6,27,13,650.1,40.5
2021,6,27,14,571.23,40.51
2021,6,27,15,421.96,40.28
2021,6,27,16,275.77,39.62
2021,6,27,17,118.22,38.38
2021,6,27,18,21.7,35.55
2021,6,27,19,0,33.87
2021,6,27,20,0,32.97
2021,6,27,21,0,32.17
2021,6,27,22,0,31.41
2021,6,27,23,0,30.69
2021,6,28,0,0,30.03
2021,6,28,1,0,29.34
2021,6,28,2,0,28.73
2021,6,28,3,0,28.23
2021,6,28,4,0,27.81
2021,6,28,5,32,28.04
2021,6,28,6,161.7,29.62
2021,6,28,7,332.16,33.15
2021,6,28,8,505.02,36.05
2021,6,28,9,633.85,37.63
2021,6,28,10,749.87,38.83
2021,6,28,11,783.17,39.67
2021,6,28,12,805.01,40.31
2021,6,28,13,747.93,40.64
2021,6,28,14,644.42,40.8
2021,6,28,15,455.43,40.6
2021,6,28,16,282.62,39.98
2021,6,28,17,148.95,38.81
2021,6,28,18,23.02,36.62
2021,6,28,19,0,35.55
2021,6,28,20,0,34.62
2021,6,28,21,0,33.76
2021,6,28,22,0,33.01
2021,6,28,23,0,32.4
2021,6,29,0,0,31.8
2021,6,29,1,0,31.16
2021,6,29,2,0,30.49
2021,6,29,3,0,29.87
2021,6,29,4,0,29.54
2021,6,29,5,40.23,29.73
2021,6,29,6,178.96,31.35
2021,6,29,7,367.3,34.24
2021,6,29,8,532.34,37.94
2021,6,29,9,702.84,39.82
2021,6,29,10,825.93,41.31
2021,6,29,11,872.8,42.56
2021,6,29,12,882.34,43.44
2021,6,29,13,838.15,43.92
2021,6,29,14,721.93,43.92
2021,6,29,15,548.55,43.51
2021,6,29,16,353.02,42.59
2021,6,29,17,173.16,40.84
2021,6,29,18,25.2,37.15
2021,6,29,19,0,35.02
2021,6,29,20,0,34.01
2021,6,29,21,0,33.12
2021,6,29,22,0,32.39
2021,6,29,23,0,31.81
2021,6,30,0,0,31.38
2021,6,30,1,0,31.06
2021,6,30,2,0,30.7
2021,6,30,3,0,30.3
2021,6,30,4,0,29.94
2021,6,30,5,40.77,30.51
2021,6,30,6,207.49,32.68
2021,6,30,7,410.62,36.15
2021,6,30,8,606.22,39.33
2021,6,30,9,765.32,41.08
2021,6,30,10,855.65,42.45
2021,6,30,11,823.13,43.48
2021,6,30,12,812.61,44.22
2021,6,30,13,777.25,44.58
2021,6,30,14,609.71,44.55
2021,6,30,15,466.73,44.03
2021,6,30,16,298.38,43.07
2021,6,30,17,133.44,41.42
2021,6,30,18,22.38,38.35
2021,6,30,19,0,36.6
2021,6,30,20,0,35.82
2021,6,30,21,0,35.06
2021,6,30,22,0,34.28
2021,6,30,23,0,33.51
2021,7,1,0,0,32.77
2021,7,1,1,0,32.17
2021,7,1,2,0,31.69
2021,7,1,3,0,31.26
2021,7,1,4,0,30.85
2021,7,1,5,38.3,31.36
2021,7,1,6,173.66,33.36
2021,7,1,7,341.91,36.17
2021,7,1,8,508.54,38.4
2021,7,1,9,672.19,40.05
2021,7,1,10,823.14,41.37
2021,7,1,11,821.69,42.46
2021,7,1,12,816.39,43.21
2021,7,1,13,809.27,43.59
2021,7,1,14,689.68,43.69
2021,7,1,15,494.38,43.49
2021,7,1,16,314.25,42.8
2021,7,1,17,139.94,41.59
2021,7,1,18,22.68,39.1
2021,7,1,19,0,38.06
2021,7,1,20,0,37.39
2021,7,1,21,0,36.46
2021,7,1,22,0,35.59
2021,7,1,23,0,34.72
2021,7,2,0,0,33.97
2021,7,2,1,0,33.1
2021,7,2,2,0,32.23
2021,7,2,3,0,31.33
2021,7,2,4,0,30.62
2021,7,2,5,39.04,30.69
2021,7,2,6,174.34,32.41
2021,7,2,7,338.45,35.26
2021,7,2,8,513.82,37.49
2021,7,2,9,661.02,39.13
2021,7,2,10,806.16,40.59
2021,7,2,11,799.03,41.76
2021,7,2,12,775.59,42.6
2021,7,2,13,672.16,43.07
2021,7,2,14,471.65,43.08
2021,7,2,15,308.04,42.78
2021,7,2,16,190.62,42.05
2021,7,2,17,71.77,40.86
2021,7,2,18,16.6,38.9
2021,7,2,19,0,37.52
2021,7,2,20,0,36.36
2021,7,2,21,0,34.86
2021,7,2,22,0,32.23
2021,7,2,23,0,29.19
2021,7,3,0,0,27.83
2021,7,3,1,0,27.38
2021,7,3,2,0,27.33
2021,7,3,3,0,27.4
2021,7,3,4,0,27.49
2021,7,3,5,23,28.17
2021,7,3,6,64.72,29.87
2021,7,3,7,92.05,32.73
2021,7,3,8,159.86,35.69
2021,7,3,9,344.84,37.68
2021,7,3,10,494.75,38.91
2021,7,3,11,734.76,39.72
2021,7,3,12,704.58,40.31
2021,7,3,13,737.78,40.62
2021,7,3,14,663.08,40.61
2021,7,3,15,480.51,40.26
2021,7,3,16,274.76,39.5
2021,7,3,17,114.48,38.2
2021,7,3,18,19.75,35.68
2021,7,3,19,0,34.26
2021,7,3,20,0,33.63
2021,7,3,21,0,32.93
2021,7,3,22,0,32.27
2021,7,3,23,0,31.66
2021,7,4,0,0,31.05
2021,7,4,1,0,30.51
2021,7,4,2,0,30.06
2021,7,4,3,0,29.65
2021,7,4,4,0,29.35
2021,7,4,5,35.98,29.94
2021,7,4,6,161.86,31.8
2021,7,4,7,315.95,34.76
2021,7,4,8,492.39,36.03
2021,7,4,9,689.88,37.26
2021,7,4,10,798.77,38.43
2021,7,4,11,866.5,39.42
2021,7,4,12,860.2,40.06
2021,7,4,13,806.4,40.33
2021,7,4,14,675.66,40.26
2021,7,4,15,502.2,39.87
2021,7,4,16,312.62,39.12
2021,7,4,17,140.54,37.94
2021,7,4,18,24.23,36.11
2021,7,4,19,0,34.98
2021,7,4,20,0,34.34
2021,7,4,21,0,33.37
2021,7,4,22,0,32.43
2021,7,4,23,0,31.65
2021,7,5,0,0,31.01
2021,7,5,1,0,30.51
2021,7,5,2,0,30.13
2021,7,5,3,0,29.84
2021,7,5,4,0,29.62
2021,7,5,5,28.84,29.8
2021,7,5,6,111.38,31.12
2021,7,5,7,269.51,34.37
2021,7,5,8,431.23,36.37
2021,7,5,9,604.29,37.69
2021,7,5,10,758.08,38.78
2021,7,5,11,718.02,39.78
2021,7,5,12,798.27,40.52
2021,7,5,13,821.23,40.95
2021,7,5,14,688.25,41.1
2021,7,5,15,530.69,40.88
2021,7,5,16,339.4,40.21
2021,7,5,17,163.48,39.01
2021,7,5,18,24.96,36.51
2021,7,5,19,0,35
2021,7,5,20,0,34.26
2021,7,5,21,0,33.66
2021,7,5,22,0,33.13
2021,7,5,23,0,32.51
2021,7,6,0,0,31.93
2021,7,6,1,0,31.35
2021,7,6,2,0,30.82
2021,7,6,3,0,30.38
2021,7,6,4,0,29.99
2021,7,6,5,36.92,30.56
2021,7,6,6,163.13,32.47
2021,7,6,7,335,35.41
2021,7,6,8,513.68,37.21
2021,7,6,9,695.02,38.61
2021,7,6,10,801.2,39.83
2021,7,6,11,835.82,40.86
2021,7,6,12,809.07,41.65
2021,7,6,13,800.66,42.08
2021,7,6,14,677.09,41.99
2021,7,6,15,518.06,41.63
2021,7,6,16,333.97,40.84
2021,7,6,17,150.84,39.59
2021,7,6,18,24.91,37.12
2021,7,6,19,0,35.4
2021,7,6,20,0,34.65
2021,7,6,21,0,33.98
2021,7,6,22,0,33.37
2021,7,6,23,0,32.76
2021,7,7,0,0,32.26
2021,7,7,1,0,31.83
2021,7,7,2,0,31.47
2021,7,7,3,0,31.15
2021,7,7,4,0,30.97
2021,7,7,5,34.03,31.74
2021,7,7,6,183.85,33.86
2021,7,7,7,372.17,37.01
2021,7,7,8,538.86,39.02
2021,7,7,9,683.16,40.39
2021,7,7,10,854.39,41.55
2021,7,7,11,842.95,42.48
2021,7,7,12,838.26,43.12
2021,7,7,13,777.3,43.47
2021,7,7,14,671.84,43.42
2021,7,7,15,496.87,42.9
2021,7,7,16,299.72,41.94
2021,7,7,17,143.27,40.55
2021,7,7,18,24.5,38.1
2021,7,7,19,0,36.26
2021,7,7,20,0,35.43
2021,7,7,21,0,34.78
2021,7,7,22,0,34.25
2021,7,7,23,0,33.76
2021,7,8,0,0,33.25
2021,7,8,1,0,32.7
2021,7,8,2,0,32.11
2021,7,8,3,0,31.55
2021,7,8,4,0,31.04
2021,7,8,5,33.85,31.5
2021,7,8,6,164.67,33.48
2021,7,8,7,343.79,37.26
2021,7,8,8,523.94,40.46
2021,7,8,9,665.66,41.54
2021,7,8,10,792.94,42.33
2021,7,8,11,816.35,42.94
2021,7,8,12,834.27,43.23
2021,7,8,13,769.49,43.21
2021,7,8,14,582.66,43.04
2021,7,8,15,426.36,42.67
2021,7,8,16,264.08,41.95
2021,7,8,17,133.34,40.87
2021,7,8,18,26.89,39.39
2021,7,8,19,0,38.13
2021,7,8,20,0,37.1
2021,7,8,21,0,36.12
2021,7,8,22,0,35.11
2021,7,8,23,0,34.05
2021,7,9,0,0,33.1
2021,7,9,1,0,32.28
2021,7,9,2,0,31.61
2021,7,9,3,0,31.05
2021,7,9,4,0,30.55
2021,7,9,5,27.8,30.76
2021,7,9,6,113.57,32.31
2021,7,9,7,256.53,34.58
2021,7,9,8,382.77,35.96
2021,7,9,9,521.41,37.3
2021,7,9,10,648.06,38.47
2021,7,9,11,707.79,39.23
2021,7,9,12,731.51,39.8
2021,7,9,13,673.6,40.03
2021,7,9,14,580.51,39.8
2021,7,9,15,420.91,39.4
2021,7,9,16,256.23,38.66
2021,7,9,17,114.05,37.62
2021,7,9,18,20.38,35.93
2021,7,9,19,0,34.65
2021,7,9,20,0,33.98
2021,7,9,21,0,33.4
2021,7,9,22,0,32.96
2021,7,9,23,0,32.54
2021,7,10,0,0,31.97
2021,7,10,1,0,31.32
2021,7,10,2,0,30.75
2021,7,10,3,0,30.3
2021,7,10,4,0,29.98
2021,7,10,5,28.3,30.13
2021,7,10,6,137.36,31.76
2021,7,10,7,269.5,34.06
2021,7,10,8,468.81,35.99
2021,7,10,9,627.7,37.49
2021,7,10,10,734.54,38.75
2021,7,10,11,831.75,39.79
2021,7,10,12,798.39,40.38
2021,7,10,13,791.53,40.6
2021,7,10,14,677.19,40.48
2021,7,10,15,508.44,40.11
2021,7,10,16,320.39,39.36
2021,7,10,17,153.34,38.26
2021,7,10,18,22.02,36.43
2021,7,10,19,0,34.97
2021,7,10,20,0,34.24
2021,7,10,21,0,33.63
2021,7,10,22,0,32.97
2021,7,10,23,0,32.24
2021,7,11,0,0,31.6
2021,7,11,1,0,31.12
2021,7,11,2,0,30.72
2021,7,11,3,0,30.33
2021,7,11,4,0,29.98
2021,7,11,5,29.66,30.05
2021,7,11,6,147.55,31.83
2021,7,11,7,313.03,34.01
2021,7,11,8,472.44,35.87
2021,7,11,9,654.92,37.37
2021,7,11,10,697.26,38.49
2021,7,11,11,578.11,39.23
2021,7,11,12,589.43,39.55
2021,7,11,13,469.84,39.37
2021,7,11,14,482.16,38.32
2021,7,11,15,322.34,36.96
2021,7,11,16,204.38,35.58
2021,7,11,17,89.5,34.55
2021,7,11,18,17.34,33.7
2021,7,11,19,0,33.08
2021,7,11,20,0,32.56
2021,7,11,21,0,32.03
2021,7,11,22,0,31.48
2021,7,11,23,0,30.96
2021,7,12,0,0,30.42
2021,7,12,1,0,29.96
2021,7,12,2,0,29.47
2021,7,12,3,0,28.98
2021,7,12,4,0,28.53
2021,7,12,5,25.63,28.3
2021,7,12,6,70.87,28.84
2021,7,12,7,195.79,29.94
2021,7,12,8,334.46,31.15
2021,7,12,9,442.62,32.2
2021,7,12,10,568.77,32.94
2021,7,12,11,528.95,33.36
2021,7,12,12,542.49,33.53
2021,7,12,13,502.34,33.58
2021,7,12,14,369.68,33.62
2021,7,12,15,273.49,33.6
2021,7,12,16,175.8,33.42
2021,7,12,17,96.77,32.92
2021,7,12,18,20.69,32.02
2021,7,12,19,0,31.47
2021,7,12,20,0,31.15
2021,7,12,21,0,30.76
2021,7,12,22,0,30.29
2021,7,12,23,0,29.61
2021,7,13,0,0,28.83
2021,7,13,1,0,28.12
2021,7,13,2,0,27.58
2021,7,13,3,0,27.13
2021,7,13,4,0,26.8
2021,7,13,5,17.46,26.83
2021,7,13,6,63.02,27.75
2021,7,13,7,110.35,29.27
2021,7,13,8,98.52,30.48
2021,7,13,9,340.26,31.31
2021,7,13,10,252.39,32.11
2021,7,13,11,368.23,32.94
2021,7,13,12,383.56,33.55
2021,7,13,13,379.59,33.83
2021,7,13,14,210.71,33.8
2021,7,13,15,177.11,33.2
2021,7,13,16,125.57,32.58
2021,7,13,17,48.35,31.69
2021,7,13,18,13.66,30.29
2021,7,13,19,0,29.41
2021,7,13,20,0,28.94
2021,7,13,21,0,28.47
2021,7,13,22,0,28.1
2021,7,13,23,0,27.8
2021,7,14,0,0,27.54
2021,7,14,1,0,27.29
2021,7,14,2,0,27.06
2021,7,14,3,0,26.83
2021,7,14,4,0,26.66
2021,7,14,5,25.65,26.83
2021,7,14,6,117.18,28.26
2021,7,14,7,271.57,30.32
2021,7,14,8,400.95,31.81
2021,7,14,9,452.91,32.5
2021,7,14,10,432.99,33.01
2021,7,14,11,200.39,33.33
2021,7,14,12,80.1,33.51
2021,7,14,13,70.53,33.51
2021,7,14,14,72.06,33.29
2021,7,14,15,61.87,32.55
2021,7,14,16,56.28,31.38
2021,7,14,17,33.61,30.3
2021,7,14,18,11.87,28.97
2021,7,14,19,0,28.24
2021,7,14,20,0,27.94
2021,7,14,21,0,27.64
2021,7,14,22,0,27.37
2021,7,14,23,0,27.17
2021,7,15,0,0,26.97
2021,7,15,1,0,26.77
2021,7,15,2,0,26.58
2021,7,15,3,0,26.37
2021,7,15,4,0,26.17
2021,7,15,5,24.81,26.24
2021,7,15,6,142.74,27.56
2021,7,15,7,311.3,30.17
2021,7,15,8,451.7,32.65
2021,7,15,9,576.95,34.31
2021,7,15,10,634.41,35.59
2021,7,15,11,607.58,36.48
2021,7,15,12,747.1,36.9
2021,7,15,13,661.25,37.4
2021,7,15,14,581.8,37.46
2021,7,15,15,439.18,37.2
2021,7,15,16,288.67,36.51
2021,7,15,17,129.56,35.36
2021,7,15,18,21.05,33.2
2021,7,15,19,0,31.87
2021,7,15,20,0,31.08
2021,7,15,21,0,30.44
2021,7,15,22,0,29.94
2021,7,15,23,0,29.53
2021,7,16,0,0,29.21
2021,7,16,1,0,29.02
2021,7,16,2,0,28.87
2021,7,16,3,0,28.69
2021,7,16,4,0,28.49
2021,7,16,5,25.73,28.65
2021,7,16,6,125.73,30.15
2021,7,16,7,303.7,32.75
2021,7,16,8,482.27,35.08
2021,7,16,9,658.13,36.53
2021,7,16,10,757.57,37.65
2021,7,16,11,806.12,38.55
2021,7,16,12,777.19,39.1
2021,7,16,13,724.05,39.42
2021,7,16,14,627.12,39.55
2021,7,16,15,474.4,39.19
2021,7,16,16,312.66,38.49
2021,7,16,17,130.97,37.32
2021,7,16,18,23.6,35.23
2021,7,16,19,0,33.7
2021,7,16,20,0,32.96
2021,7,16,21,0,32.19
2021,7,16,22,0,31.48
2021,7,16,23,0,30.85
2021,7,17,0,0,30.21
2021,7,17,1,0,29.6
2021,7,17,2,0,29.19
2021,7,17,3,0,28.95
2021,7,17,4,0,28.81
2021,7,17,5,24.4,28.99
2021,7,17,6,137.01,30.28
2021,7,17,7,293.69,33.35
2021,7,17,8,451.01,36.19
2021,7,17,9,605.97,37.93
2021,7,17,10,723.92,39.08
2021,7,17,11,703.31,39.43
2021,7,17,12,660.32,39.23
2021,7,17,13,617.82,38.98
2021,7,17,14,532.6,38.65
2021,7,17,15,387.07,38.12
2021,7,17,16,240.64,37.51
2021,7,17,17,104.4,36.65
2021,7,17,18,18.61,35.28
2021,7,17,19,0,34.37
2021,7,17,20,0,33.76
2021,7,17,21,0,33.02
2021,7,17,22,0,32.33
2021,7,17,23,0,31.68
2021,7,18,0,0,31.05
2021,7,18,1,0,30.52
2021,7,18,2,0,30.12
2021,7,18,3,0,29.73
2021,7,18,4,0,29.4
2021,7,18,5,19.63,29.53
2021,7,18,6,100.69,30.59
2021,7,18,7,212.95,32.83
2021,7,18,8,287.38,34.87
2021,7,18,9,369.98,36.23
2021,7,18,10,401.91,37.23
2021,7,18,11,497.22,38.05
2021,7,18,12,443.73,38.08
2021,7,18,13,347.25,37.21
2021,7,18,14,143.84,36.28
2021,7,18,15,57.03,35.21
2021,7,18,16,40.34,33.18
2021,7,18,17,21.95,31.03
2021,7,18,18,8.39,29.62
2021,7,18,19,0,29.06
2021,7,18,20,0,28.92
2021,7,18,21,0,28.87
2021,7,18,22,0,28.76
2021,7,18,23,0,28.64
2021,7,19,0,0,28.53
2021,7,19,1,0,28.43
2021,7,19,2,0,28.35
2021,7,19,3,0,28.31
2021,7,19,4,0,28.25
2021,7,19,5,11.42,28.39
2021,7,19,6,13.44,28.92
2021,7,19,7,24.8,29.6
2021,7,19,8,31.09,29.95
2021,7,19,9,48.69,29.86
2021,7,19,10,68.7,29.7
2021,7,19,11,58.54,29.62
2021,7,19,12,81.2,29.57
2021,7,19,13,63.27,29.51
2021,7,19,14,69.73,29.38
2021,7,19,15,82.54,29.19
2021,7,19,16,102.67,28.9
2021,7,19,17,38.64,28.48
2021,7,19,18,12.6,27.93
2021,7,19,19,0,27.53
2021,7,19,20,0,27.23
2021,7,19,21,0,26.98
2021,7,19,22,0,26.73
2021,7,19,23,0,26.47
2021,7,20,0,0,26.23
2021,7,20,1,0,25.98
2021,7,20,2,0,25.68
2021,7,20,3,0,25.48
2021,7,20,4,0,25.33
2021,7,20,5,20.04,25.68
2021,7,20,6,86.81,26.73
2021,7,20,7,176.52,28.53
2021,7,20,8,263.91,29.57
2021,7,20,9,321.07,29.86
2021,7,20,10,386.76,29.9
2021,7,20,11,401.02,29.93
2021,7,20,12,458.42,30.05
2021,7,20,13,498.28,30.22
2021,7,20,14,395.85,30.32
2021,7,20,15,310.78,30.65
2021,7,20,16,166.83,30.63
2021,7,20,17,46.79,30.2
2021,7,20,18,13.37,29.52
2021,7,20,19,0,29.4
2021,7,20,20,0,29.12
2021,7,20,21,0,28.41
2021,7,20,22,0,27.96
2021,7,20,23,0,27.66
2021,7,21,0,0,27.36
2021,7,21,1,0,27.11
2021,7,21,2,0,26.89
2021,7,21,3,0,26.74
2021,7,21,4,0,26.63
2021,7,21,5,19.43,26.81
2021,7,21,6,88.01,27.55
2021,7,21,7,217.46,28.82
2021,7,21,8,351.95,30.15
2021,7,21,9,511.11,31.24
2021,7,21,10,559.25,32.17
2021,7,21,11,602.96,32.69
2021,7,21,12,639.24,33.15
2021,7,21,13,666.95,33.58
2021,7,21,14,536.01,33.64
2021,7,21,15,396.8,33.54
2021,7,21,16,269.33,33.12
2021,7,21,17,112.89,32.73
2021,7,21,18,19.49,31.31
2021,7,21,19,0,30.01
2021,7,21,20,0,29.19
2021,7,21,21,0,28.45
2021,7,21,22,0,27.88
2021,7,21,23,0,27.44
2021,7,22,0,0,27.1
2021,7,22,1,0,26.88
2021,7,22,2,0,26.76
2021,7,22,3,0,26.67
2021,7,22,4,0,26.52
2021,7,22,5,22.4,26.62
2021,7,22,6,101.33,27.4
2021,7,22,7,230.78,29.1
2021,7,22,8,356.03,30.47
2021,7,22,9,426.53,31.68
2021,7,22,10,527.47,32.6
2021,7,22,11,553.48,33.26
2021,7,22,12,531.51,33.68
2021,7,22,13,446.93,33.93
2021,7,22,14,374.27,33.96
2021,7,22,15,211.44,33.74
2021,7,22,16,133.38,33.32
2021,7,22,17,59.94,32.46
2021,7,22,18,14.15,30.94
2021,7,22,19,0,29.94
2021,7,22,20,0,29.32
2021,7,22,21,0,28.77
2021,7,22,22,0,28.27
2021,7,22,23,0,27.82
2021,7,23,0,0,27.41
2021,7,23,1,0,27.11
2021,7,23,2,0,26.85
2021,7,23,3,0,26.65
2021,7,23,4,0,26.55
2021,7,23,5,22.37,26.89
2021,7,23,6,119.01,27.73
2021,7,23,7,275.16,28.82
2021,7,23,8,391.68,29.67
2021,7,23,9,414.83,30.52
2021,7,23,10,453.63,31.29
2021,7,23,11,544.65,31.87
2021,7,23,12,583.6,32.29
2021,7,23,13,685.04,32.63
2021,7,23,14,556.91,32.83
2021,7,23,15,397.16,32.72
2021,7,23,16,232.73,32.49
2021,7,23,17,109.78,32.06
2021,7,23,18,19.8,30.76
2021,7,23,19,0,29.85
2021,7,23,20,0,29.41
2021,7,23,21,0,28.9
2021,7,23,22,0,28.29
2021,7,23,23,0,27.86
2021,7,24,0,0,27.53
2021,7,24,1,0,27.3
2021,7,24,2,0,27.1
2021,7,24,3,0,26.86
2021,7,24,4,0,26.69
2021,7,24,5,22.13,26.86
2021,7,24,6,122.77,27.44
2021,7,24,7,268.76,28.55
2021,7,24,8,460.98,30.61
2021,7,24,9,637.53,32.07
2021,7,24,10,726.88,32.94
2021,7,24,11,778.66,33.42
2021,7,24,12,548.97,33.74
2021,7,24,13,471.16,33.77
2021,7,24,14,442.38,33.51
2021,7,24,15,450.32,33.44
2021,7,24,16,256.5,33.08
2021,7,24,17,133.93,32.66
2021,7,24,18,21.44,31.84
2021,7,24,19,0,31.02
2021,7,24,20,0,30.51
2021,7,24,21,0,30.05
2021,7,24,22,0,29.61
2021,7,24,23,0,29.31
2021,7,25,0,0,29.05
2021,7,25,1,0,28.73
2021,7,25,2,0,28.35
2021,7,25,3,0,28.02
2021,7,25,4,0,27.76
2021,7,25,5,23.43,28.06
2021,7,25,6,163.15,29.19
2021,7,25,7,356.86,31.28
2021,7,25,8,553.52,33.15
2021,7,25,9,687.98,34.11
2021,7,25,10,816.27,34.8
2021,7,25,11,746.33,35.37
2021,7,25,12,742,35.76
2021,7,25,13,681.03,35.96
2021,7,25,14,499.2,35.87
2021,7,25,15,385.66,35.58
2021,7,25,16,261.09,35.05
2021,7,25,17,113.4,33.97
2021,7,25,18,17.3,31.98
2021,7,25,19,0,30.6
2021,7,25,20,0,29.94
2021,7,25,21,0,29.4
2021,7,25,22,0,29.01
2021,7,25,23,0,28.63
2021,7,26,0,0,28.26
2021,7,26,1,0,27.9
2021,7,26,2,0,27.58
2021,7,26,3,0,27.29
2021,7,26,4,0,27.04
2021,7,26,5,15.99,26.92
2021,7,26,6,81.55,27.25
2021,7,26,7,143.88,27.79
2021,7,26,8,206.42,28.48
2021,7,26,9,256.81,29.21
2021,7,26,10,400.55,29.75
2021,7,26,11,398.72,29.93
2021,7,26,12,401.26,29.93
2021,7,26,13,334.6,30.03
2021,7,26,14,166.75,30.46
2021,7,26,15,124.62,30.68
2021,7,26,16,69.65,30.8
2021,7,26,17,31.81,30.83
2021,7,26,18,11.75,30.27
2021,7,26,19,0,30
2021,7,26,20,0,29.84
2021,7,26,21,0,29.56
2021,7,26,22,0,28.4
2021,7,26,23,0,27.81
2021,7,27,0,0,27.47
2021,7,27,1,0,27.12
2021,7,27,2,0,26.84
2021,7,27,3,0,26.66
2021,7,27,4,0,26.48
2021,7,27,5,19.37,26.62
2021,7,27,6,52.59,27.08
2021,7,27,7,129.53,27.8
2021,7,27,8,218.97,28.76
2021,7,27,9,336.34,29.74
2021,7,27,10,446.63,30.74
2021,7,27,11,340.11,31.37
2021,7,27,12,195.59,31.71
2021,7,27,13,306.56,32.01
2021,7,27,14,138.43,32.2
2021,7,27,15,112.12,32.21
2021,7,27,16,78.55,31.76
2021,7,27,17,34.36,30.84
2021,7,27,18,12.88,29.5
2021,7,27,19,0,28.7
2021,7,27,20,0,28.32
2021,7,27,21,0,27.96
2021,7,27,22,0,27.56
2021,7,27,23,0,27.13
2021,7,28,0,0,26.87
2021,7,28,1,0,26.54
2021,7,28,2,0,26.23
2021,7,28,3,0,26.05
2021,7,28,4,0,26.01
2021,7,28,5,13.19,26.1
2021,7,28,6,15.8,26.79
2021,7,28,7,36.7,27.69
2021,7,28,8,51.45,28.58
2021,7,28,9,65.06,29.15
2021,7,28,10,86.75,29.72
2021,7,28,11,73.14,30.13
2021,7,28,12,109.34,30.31
2021,7,28,13,127.62,30.36
2021,7,28,14,117.72,30.33
2021,7,28,15,115.64,29.99
2021,7,28,16,91.77,29.65
2021,7,28,17,39.43,29.12
2021,7,28,18,11.37,28.18
2021,7,28,19,0,27.61
2021,7,28,20,0,27.41
2021,7,28,21,0,27.52
2021,7,28,22,0,27.3
2021,7,28,23,0,26.85
2021,7,29,0,0,26.45
2021,7,29,1,0,26.07
2021,7,29,2,0,25.9
2021,7,29,3,0,25.83
2021,7,29,4,0,25.8
2021,7,29,5,18.97,26.14
2021,7,29,6,82.92,27.07
2021,7,29,7,200.86,28.48
2021,7,29,8,322.12,29.68
2021,7,29,9,382.88,30.49
2021,7,29,10,437.42,30.95
2021,7,29,11,545.34,31.24
2021,7,29,12,598.38,31.23
2021,7,29,13,558.16,31.01
2021,7,29,14,370.9,30.68
2021,7,29,15,174.27,30.23
2021,7,29,16,101.49,29.78
2021,7,29,17,75.71,29.18
2021,7,29,18,10.7,28.3
2021,7,29,19,0,27.79
2021,7,29,20,0,27.55
2021,7,29,21,0,27.32
2021,7,29,22,0,27.11
2021,7,29,23,0,26.95
2021,7,30,0,0,26.79
2021,7,30,1,0,26.61
2021,7,30,2,0,26.47
2021,7,30,3,0,26.33
2021,7,30,4,0,26.15
2021,7,30,5,18.1,26.25
2021,7,30,6,66.8,26.87
2021,7,30,7,133.78,27.76
2021,7,30,8,183.22,28.58
2021,7,30,9,358.69,29.34
2021,7,30,10,515.95,30.16
2021,7,30,11,595.13,30.8
2021,7,30,12,607.66,31.25
2021,7,30,13,483.21,31.54
2021,7,30,14,224.55,31.62
2021,7,30,15,76.84,31.43
2021,7,30,16,45.47,30.89
2021,7,30,17,29.64,30.04
2021,7,30,18,11.6,28.83
2021,7,30,19,0,28.13
2021,7,30,20,0,27.73
2021,7,30,21,0,27.38
2021,7,30,22,0,27.04
2021,7,30,23,0,26.76
2021,7,31,0,0,26.54
2021,7,31,1,0,26.36
2021,7,31,2,0,26.27
2021,7,31,3,0,26.2
2021,7,31,4,0,26.14
2021,7,31,5,21.6,26.25
2021,7,31,6,101.89,26.8
2021,7,31,7,218.53,27.44
2021,7,31,8,345.14,28.1
2021,7,31,9,463.94,28.56
2021,7,31,10,534.75,29.04
2021,7,31,11,627.54,29.48
2021,7,31,12,688.46,29.85
2021,7,31,13,710.49,30.13
2021,7,31,14,585.09,30.26
2021,7,31,15,472.43,30.38
2021,7,31,16,300,30.3
2021,7,31,17,129.91,29.9
2021,7,31,18,16.27,28.88
2021,7,31,19,0,28.78
2021,7,31,20,0,28.8
2021,7,31,21,0,28.62
2021,7,31,22,0,28.31
2021,7,31,23,0,27.94
2021,8,1,0,0,27.65
2021,8,1,1,0,27.46
2021,8,1,2,0,27.28
2021,8,1,3,0,26.78
2021,8,1,4,0,26.31
2021,8,1,5,11.63,26.28
2021,8,1,6,15.75,27.08
2021,8,1,7,32.34,29.32
2021,8,1,8,47.39,31.38
2021,8,1,9,209.66,32.15
2021,8,1,10,291.95,32.69
2021,8,1,11,401.66,33
2021,8,1,12,457.02,33.11
2021,8,1,13,490.71,33.11
2021,8,1,14,465.4,33.15
2021,8,1,15,393.75,33.05
2021,8,1,16,246.37,32.75
2021,8,1,17,109.96,32.17
2021,8,1,18,14.78,30.87
2021,8,1,19,0,30.15
2021,8,1,20,0,29.64
2021,8,1,21,0,29.02
2021,8,1,22,0,28.44
2021,8,1,23,0,27.98
2021,8,2,0,0,27.55
2021,8,2,1,0,27.12
2021,8,2,2,0,26.76
2021,8,2,3,0,26.56
2021,8,2,4,0,26.46
2021,8,2,5,12.31,26.8
2021,8,2,6,24.84,27.99
2021,8,2,7,96.28,29.36
2021,8,2,8,211.3,30.72
2021,8,2,9,401.93,31.26
2021,8,2,10,468.16,31.28
2021,8,2,11,521.17,31.3
2021,8,2,12,494.76,31.16
2021,8,2,13,502.91,31.01
2021,8,2,14,386.41,30.89
2021,8,2,15,281.3,30.87
2021,8,2,16,189.01,30.69
2021,8,2,17,87.81,30.15
2021,8,2,18,13.77,28.95
2021,8,2,19,0,28.36
2021,8,2,20,0,28.03
2021,8,2,21,0,27.7
2021,8,2,22,0,27.4
2021,8,2,23,0,27.15
2021,8,3,0,0,26.92
2021,8,3,1,0,26.72
2021,8,3,2,0,26.55
2021,8,3,3,0,26.37
2021,8,3,4,0,26.22
2021,8,3,5,21.56,26.36
2021,8,3,6,110.02,27.19
2021,8,3,7,256.48,28.58
2021,8,3,8,415.71,29.87
2021,8,3,9,470.73,30.86
2021,8,3,10,502.17,31.62
2021,8,3,11,722.47,32.11
2021,8,3,12,464.44,32.37
2021,8,3,13,416.98,32.42
2021,8,3,14,494.11,32.3
2021,8,3,15,357.9,31.96
2021,8,3,16,204.49,31.29
2021,8,3,17,83.67,30.12
2021,8,3,18,12.13,28.72
2021,8,3,19,0,27.98
2021,8,3,20,0,27.57
2021,8,3,21,0,27.23
2021,8,3,22,0,26.94
2021,8,3,23,0,26.67
2021,8,4,0,0,26.34
2021,8,4,1,0,26.07
2021,8,4,2,0,25.83
2021,8,4,3,0,25.66
2021,8,4,4,0,25.5
2021,8,4,5,20.62,25.67
2021,8,4,6,149.45,26.8
2021,8,4,7,333.4,28.25
2021,8,4,8,476.59,29.48
2021,8,4,9,544.61,30.5
2021,8,4,10,507.21,31.38
2021,8,4,11,655.04,32
2021,8,4,12,614.15,32.37
2021,8,4,13,645.38,32.45
2021,8,4,14,567.81,32.3
2021,8,4,15,432.24,31.9
2021,8,4,16,279.27,31.26
2021,8,4,17,124.08,30.13
2021,8,4,18,13.84,28.73
2021,8,4,19,0,28.01
2021,8,4,20,0,27.69
2021,8,4,21,0,27.47
2021,8,4,22,0,27.22
2021,8,4,23,0,26.94
2021,8,5,0,0,26.62
2021,8,5,1,0,26.3
2021,8,5,2,0,26.02
2021,8,5,3,0,25.87
2021,8,5,4,0,25.69
2021,8,5,5,20.4,25.91
2021,8,5,6,104.34,27.05
2021,8,5,7,241.52,29.07
2021,8,5,8,379.54,30.32
2021,8,5,9,551.74,30.9
2021,8,5,10,516.15,31.45
2021,8,5,11,615.61,31.85
2021,8,5,12,703.47,31.96
2021,8,5,13,679.48,31.96
2021,8,5,14,566.62,31.9
2021,8,5,15,413.59,31.82
2021,8,5,16,262.42,31.39
2021,8,5,17,101.29,30.63
2021,8,5,18,11.7,29.46
2021,8,5,19,0,28.77
2021,8,5,20,0,28.4
2021,8,5,21,0,28.03
2021,8,5,22,0,27.62
2021,8,5,23,0,27.28
2021,8,6,0,0,27.07
2021,8,6,1,0,27.06
2021,8,6,2,0,27.14
2021,8,6,3,0,27.26
2021,8,6,4,0,26.9
2021,8,6,5,18.76,26.81
2021,8,6,6,100.22,27.57
2021,8,6,7,243.98,29.11
2021,8,6,8,390.61,31.31
2021,8,6,9,436.07,32.03
2021,8,6,10,616.97,32.49
2021,8,6,11,732.72,32.67
2021,8,6,12,692.98,32
2021,8,6,13,630.7,31.29
2021,8,6,14,416.28,30.69
2021,8,6,15,278.59,30.46
2021,8,6,16,165.62,30.39
2021,8,6,17,69.87,29.88
2021,8,6,18,10.96,28.32
2021,8,6,19,0,27.45
2021,8,6,20,0,26.9
2021,8,6,21,0,26.45
2021,8,6,22,0,26.11
2021,8,6,23,0,25.98
2021,8,7,0,0,25.93
2021,8,7,1,0,25.74
2021,8,7,2,0,25.44
2021,8,7,3,0,25.2
2021,8,7,4,0,25.09
2021,8,7,5,18.98,25.29
2021,8,7,6,115.09,26.18
2021,8,7,7,277.9,26.98
2021,8,7,8,416.11,29.19
2021,8,7,9,553.64,30.61
2021,8,7,10,482.81,30.73
2021,8,7,11,341.27,30.33
2021,8,7,12,367.61,29.8
2021,8,7,13,313.8,29.32
2021,8,7,14,180.09,28.92
2021,8,7,15,100.8,28.73
2021,8,7,16,65.33,28.53
2021,8,7,17,33.55,28.06
2021,8,7,18,6.47,27.33
2021,8,7,19,0,27.08
2021,8,7,20,0,27.04
2021,8,7,21,0,26.93
2021,8,7,22,0,26.76
2021,8,7,23,0,26.57
2021,8,8,0,0,26.36
2021,8,8,1,0,26.14
2021,8,8,2,0,25.97
2021,8,8,3,0,25.79
2021,8,8,4,0,25.64
2021,8,8,5,13.57,25.73
2021,8,8,6,78.23,26.3
2021,8,8,7,197.41,27.5
2021,8,8,8,321.21,29.62
2021,8,8,9,446.23,30.48
2021,8,8,10,542.23,31.12
2021,8,8,11,486.89,31.44
2021,8,8,12,378.91,31.55
2021,8,8,13,107.03,31.51
2021,8,8,14,38.1,31.44
2021,8,8,15,34.7,31.26
2021,8,8,16,27.69,30.73
2021,8,8,17,18.32,30.55
2021,8,8,18,5.4,29.87
2021,8,8,19,0,29.6
2021,8,8,20,0,29.11
2021,8,8,21,0,28.73
2021,8,8,22,0,28.38
2021,8,8,23,0,27.83
2021,8,9,0,0,27.14
2021,8,9,1,0,26.61
2021,8,9,2,0,26.31
2021,8,9,3,0,26.15
2021,8,9,4,0,26.1
2021,8,9,5,11.7,26.33
2021,8,9,6,54.2,27.29
2021,8,9,7,130.66,29.73
2021,8,9,8,220.23,30.87
2021,8,9,9,376.07,31.45
2021,8,9,10,464.09,31.9
2021,8,9,11,539.62,32.19
2021,8,9,12,223.72,32.31
2021,8,9,13,423.61,32.1
2021,8,9,14,299.25,31.98
2021,8,9,15,258.2,31.9
2021,8,9,16,151.48,31.52
2021,8,9,17,54.73,30.77
2021,8,9,18,7.29,29.69
2021,8,9,19,0,29.55
2021,8,9,20,0,29.56
2021,8,9,21,0,29.15
2021,8,9,22,0,28.48
2021,8,9,23,0,27.83
2021,8,10,0,0,27.27
2021,8,10,1,0,26.86
2021,8,10,2,0,26.54
2021,8,10,3,0,26.3
2021,8,10,4,0,26.05
2021,8,10,5,16.78,26.08
2021,8,10,6,111.02,27.24
2021,8,10,7,270.27,28.36
2021,8,10,8,456.92,30.5
2021,8,10,9,633.28,31.95
2021,8,10,10,755.12,32.96
2021,8,10,11,784.69,33.68
2021,8,10,12,775.34,34.13
2021,8,10,13,724.01,34.23
2021,8,10,14,619.6,34.37
2021,8,10,15,451.13,33.88
2021,8,10,16,265.03,33.01
2021,8,10,17,102.53,31.61
2021,8,10,18,10.49,30.12
2021,8,10,19,0,30.45
2021,8,10,20,0,30.19
2021,8,10,21,0,28.81
2021,8,10,22,0,27.8
2021,8,10,23,0,27.29
2021,8,11,0,0,26.73
2021,8,11,1,0,26.12
2021,8,11,2,0,25.53
2021,8,11,3,0,24.94
2021,8,11,4,0,24.35
2021,8,11,5,19.09,23.98
2021,8,11,6,140.55,24.83
2021,8,11,7,333.31,26.48
2021,8,11,8,527.27,28.88
2021,8,11,9,677.08,31.01
2021,8,11,10,797.98,32.46
2021,8,11,11,811.39,33.31
2021,8,11,12,829.23,33.74
2021,8,11,13,749.97,34.11
2021,8,11,14,629.64,34.05
2021,8,11,15,466.15,33.73
2021,8,11,16,278.16,33.21
2021,8,11,17,110.38,31.84
2021,8,11,18,10.38,30.12
2021,8,11,19,0,29.46
2021,8,11,20,0,28.65
2021,8,11,21,0,27.74
2021,8,11,22,0,26.91
2021,8,11,23,0,26.26
2021,8,12,0,0,25.69
2021,8,12,1,0,25.13
2021,8,12,2,0,24.62
2021,8,12,3,0,24.15
2021,8,12,4,0,23.76
2021,8,12,5,16.49,23.64
2021,8,12,6,133.3,24.55
2021,8,12,7,310.07,26.23
2021,8,12,8,538.96,28.87
2021,8,12,9,707.12,31.11
2021,8,12,10,815.47,32.56
2021,8,12,11,796.02,33.38
2021,8,12,12,786.38,33.81
2021,8,12,13,739,33.88
2021,8,12,14,587.87,33.79
2021,8,12,15,414.32,33.64
2021,8,12,16,257.89,33.18
2021,8,12,17,93.74,32.03
2021,8,12,18,9.08,30.89
2021,8,12,19,0,30.51
2021,8,12,20,0,29.45
2021,8,12,21,0,28.34
2021,8,12,22,0,27.55
2021,8,12,23,0,26.94
2021,8,13,0,0,26.52
2021,8,13,1,0,26.14
2021,8,13,2,0,25.78
2021,8,13,3,0,25.35
2021,8,13,4,0,25
2021,8,13,5,16.41,24.79
2021,8,13,6,116.88,25.42
2021,8,13,7,294.75,26.87
2021,8,13,8,447.41,29
2021,8,13,9,560.91,31.07
2021,8,13,10,740.09,32.52
2021,8,13,11,735.84,33.25
2021,8,13,12,757.41,33.65
2021,8,13,13,676.12,33.84
2021,8,13,14,561.69,34.05
2021,8,13,15,412.89,33.88
2021,8,13,16,249.93,33.44
2021,8,13,17,89.25,32.19
2021,8,13,18,9.23,30.63
2021,8,13,19,0,29.81
2021,8,13,20,0,28.84
2021,8,13,21,0,28.09
2021,8,13,22,0,27.49
2021,8,13,23,0,27.01
2021,8,14,0,0,26.63
2021,8,14,1,0,26.32
2021,8,14,2,0,26.01
2021,8,14,3,0,25.8
2021,8,14,4,0,25.62
2021,8,14,5,16.59,25.58
2021,8,14,6,132.83,26.59
2021,8,14,7,319.43,28.15
2021,8,14,8,528.64,30.35
2021,8,14,9,697.08,32.01
2021,8,14,10,822.88,33.25
2021,8,14,11,848.83,34.12
2021,8,14,12,846.55,34.67
2021,8,14,13,784.77,34.83
2021,8,14,14,616.08,34.58
2021,8,14,15,463.2,34.08
2021,8,14,16,270.98,33.35
2021,8,14,17,106.95,31.83
2021,8,14,18,8.59,29.87
2021,8,14,19,0,29.16
2021,8,14,20,0,28.5
2021,8,14,21,0,27.91
2021,8,14,22,0,27.41
2021,8,14,23,0,26.86
2021,8,15,0,0,26.28
2021,8,15,1,0,25.76
2021,8,15,2,0,25.31
2021,8,15,3,0,24.9
2021,8,15,4,0,24.56
2021,8,15,5,15.98,24.43
2021,8,15,6,133.17,25.63
2021,8,15,7,314.53,27.16
2021,8,15,8,518.2,29.43
2021,8,15,9,697.85,32.29
2021,8,15,10,825.61,33.51
2021,8,15,11,852.41,34.06
2021,8,15,12,843.09,34.32
2021,8,15,13,755.38,34.37
2021,8,15,14,614.61,34.26
2021,8,15,15,463.84,34.11
2021,8,15,16,264.69,33.76
2021,8,15,17,94.71,32.57
2021,8,15,18,8.09,31.08
2021,8,15,19,0,31.12
2021,8,15,20,0,30.76
2021,8,15,21,0,30.03
2021,8,15,22,0,28.95
2021,8,15,23,0,27.95
2021,8,16,0,0,27.18
2021,8,16,1,0,26.53
2021,8,16,2,0,25.99
2021,8,16,3,0,25.58
2021,8,16,4,0,25.23
2021,8,16,5,14.29,25.22
2021,8,16,6,120.21,26.76
2021,8,16,7,285.02,28.06
2021,8,16,8,480.97,31.01
2021,8,16,9,654.42,32.8
2021,8,16,10,783.68,33.39
2021,8,16,11,880.21,33.8
2021,8,16,12,846.67,34
2021,8,16,13,802.86,33.98
2021,8,16,14,662.27,33.72
2021,8,16,15,488.27,33.56
2021,8,16,16,288.66,33.15
2021,8,16,17,110.7,32.02
2021,8,16,18,7.52,30.47
2021,8,16,19,0,30.19
2021,8,16,20,0,29.76
2021,8,16,21,0,29.21
2021,8,16,22,0,28.57
2021,8,16,23,0,27.94
2021,8,17,0,0,27.35
2021,8,17,1,0,26.72
2021,8,17,2,0,26.11
2021,8,17,3,0,25.67
2021,8,17,4,0,25.37
2021,8,17,5,15.86,25.43
2021,8,17,6,127.3,27.23
2021,8,17,7,297.34,28.54
2021,8,17,8,540.49,31.4
2021,8,17,9,709.02,33.42
2021,8,17,10,764.9,34.09
2021,8,17,11,821.54,34.48
2021,8,17,12,808.05,34.74
2021,8,17,13,723.21,34.83
2021,8,17,14,605.27,34.7
2021,8,17,15,447.61,34.25
2021,8,17,16,260.42,33.7
2021,8,17,17,98.98,31.89
2021,8,17,18,6.64,29.65
2021,8,17,19,0,29.3
2021,8,17,20,0,29.53
2021,8,17,21,0,29.51
2021,8,17,22,0,28.79
2021,8,17,23,0,27.92
2021,8,18,0,0,27.04
2021,8,18,1,0,26.35
2021,8,18,2,0,25.94
2021,8,18,3,0,25.83
2021,8,18,4,0,25.81
2021,8,18,5,13.77,25.83
2021,8,18,6,116.3,26.8
2021,8,18,7,275.3,27.89
2021,8,18,8,450.72,30.73
2021,8,18,9,624.36,33.09
2021,8,18,10,738.37,33.83
2021,8,18,11,760.26,34.35
2021,8,18,12,752.55,34.8
2021,8,18,13,734.71,34.82
2021,8,18,14,601.14,34.35
2021,8,18,15,427.72,33.63
2021,8,18,16,243.7,33.09
2021,8,18,17,80.82,31.44
2021,8,18,18,6.07,29.53
2021,8,18,19,0,29.01
2021,8,18,20,0,28.67
2021,8,18,21,0,27.98
2021,8,18,22,0,27.3
2021,8,18,23,0,26.77
2021,8,19,0,0,26.37
2021,8,19,1,0,26.03
2021,8,19,2,0,25.73
2021,8,19,3,0,25.43
2021,8,19,4,0,25.2
2021,8,19,5,13.29,25.21
2021,8,19,6,99.28,26.68
2021,8,19,7,235.96,28.14
2021,8,19,8,398.42,30.66
2021,8,19,9,620.41,32.1
2021,8,19,10,649.55,33.22
2021,8,19,11,617.7,34
2021,8,19,12,552.3,34.48
2021,8,19,13,411.58,34.72
2021,8,19,14,339.87,34.69
2021,8,19,15,222.29,34.11
2021,8,19,16,95.33,33.52
2021,8,19,17,46.39,31.83
2021,8,19,18,4.92,29.83
2021,8,19,19,0,29.03
2021,8,19,20,0,28.51
2021,8,19,21,0,27.99
2021,8,19,22,0,27.48
2021,8,19,23,0,27.02
2021,8,20,0,0,26.6
2021,8,20,1,0,26.29
2021,8,20,2,0,26.09
2021,8,20,3,0,25.97
2021,8,20,4,0,25.92
2021,8,20,5,7.73,25.93
2021,8,20,6,70.04,26.44
2021,8,20,7,182.66,27.12
2021,8,20,8,295.03,27.76
2021,8,20,9,332.22,28.28
2021,8,20,10,348.66,28.66
2021,8,20,11,311.25,28.86
2021,8,20,12,96.73,29.34
2021,8,20,13,70.62,30.02
2021,8,20,14,64.98,30.3
2021,8,20,15,65.01,30.05
2021,8,20,16,45.84,29.24
2021,8,20,17,25.15,28.09
2021,8,20,18,4.55,27.01
2021,8,20,19,0,26.53
2021,8,20,20,0,26.11
2021,8,20,21,0,25.68
2021,8,20,22,0,25.37
2021,8,20,23,0,25.15
2021,8,21,0,0,25.09
2021,8,21,1,0,25.01
2021,8,21,2,0,24.81
2021,8,21,3,0,24.66
2021,8,21,4,0,24.64
2021,8,21,5,7.76,24.71
2021,8,21,6,14.6,25.08
2021,8,21,7,27.9,25.64
2021,8,21,8,206.48,26.62
2021,8,21,9,307.12,27.92
2021,8,21,10,404.17,29.37
2021,8,21,11,434.72,30.48
2021,8,21,12,522.98,31.15
2021,8,21,13,473.49,31.33
2021,8,21,14,340.05,30.9
2021,8,21,15,220.64,30.15
2021,8,21,16,134.45,29.33
2021,8,21,17,30.95,28.31
2021,8,21,18,5.18,27.22
2021,8,21,19,0,26.95
2021,8,21,20,0,26.86
2021,8,21,21,0,26.79
2021,8,21,22,0,26.73
2021,8,21,23,0,26.59
2021,8,22,0,0,26.38
2021,8,22,1,0,26.14
2021,8,22,2,0,25.92
2021,8,22,3,0,25.73
2021,8,22,4,0,25.58
2021,8,22,5,10.48,25.53
2021,8,22,6,52.51,26.17
2021,8,22,7,145.2,27.36
2021,8,22,8,249.46,28.89
2021,8,22,9,335.76,30.37
2021,8,22,10,515.57,31.41
2021,8,22,11,585.23,31.93
2021,8,22,12,607.95,32.13
2021,8,22,13,592.7,32.25
2021,8,22,14,511.06,32.3
2021,8,22,15,308.57,32.01
2021,8,22,16,205.06,31.13
2021,8,22,17,66.66,29.83
2021,8,22,18,6.05,28.45
2021,8,22,19,0,27.86
2021,8,22,20,0,27.44
2021,8,22,21,0,27.09
2021,8,22,22,0,26.7
2021,8,22,23,0,26.37
2021,8,23,0,0,26.14
2021,8,23,1,0,25.94
2021,8,23,2,0,25.79
2021,8,23,3,0,25.68
2021,8,23,4,0,25.54
2021,8,23,5,9.88,25.58
2021,8,23,6,83.31,26.51
2021,8,23,7,183.41,28.06
2021,8,23,8,279.53,29.61
2021,8,23,9,432.6,30.58
2021,8,23,10,550.73,31.19
2021,8,23,11,677.47,31.62
2021,8,23,12,744.44,32
2021,8,23,13,715.72,31.98
2021,8,23,14,543.21,31.9
2021,8,23,15,320.16,31.83
2021,8,23,16,193.91,31.62
2021,8,23,17,71.45,30.95
2021,8,23,18,0,30.22
2021,8,23,19,0,29.87
2021,8,23,20,0,29.48
2021,8,23,21,0,29.14
2021,8,23,22,0,28.85
2021,8,23,23,0,28.07
2021,8,24,0,0,27.46
2021,8,24,1,0,27.05
2021,8,24,2,0,26.83
2021,8,24,3,0,26.69
2021,8,24,4,0,26.55
2021,8,24,5,11.95,26.49
2021,8,24,6,106.5,27.01
2021,8,24,7,246.36,27.8
2021,8,24,8,389.27,29.4
2021,8,24,9,492.62,30.58
2021,8,24,10,516.06,31.44
2021,8,24,11,490.02,32.01
2021,8,24,12,518.09,32.24
2021,8,24,13,430.05,32.37
2021,8,24,14,254.14,32.33
2021,8,24,15,188.67,32.36
2021,8,24,16,98.86,31.84
2021,8,24,17,45.32,30.82
2021,8,24,18,0,29.87
2021,8,24,19,0,29.37
2021,8,24,20,0,28.48
2021,8,24,21,0,27.47
2021,8,24,22,0,26.79
2021,8,24,23,0,26.31
2021,8,25,0,0,25.98
2021,8,25,1,0,25.8
2021,8,25,2,0,25.79
2021,8,25,3,0,25.66
2021,8,25,4,0,25.23
2021,8,25,5,12.23,24.75
2021,8,25,6,116.61,25.48
2021,8,25,7,298.25,26.45
2021,8,25,8,491.88,28.05
2021,8,25,9,647.4,29.96
2021,8,25,10,764.8,31.42
2021,8,25,11,821.77,32.52
2021,8,25,12,832.66,33.35
2021,8,25,13,747.84,33.83
2021,8,25,14,618.46,33.94
2021,8,25,15,449.57,34.12
2021,8,25,16,255.86,33.16
2021,8,25,17,84.05,31.51
2021,8,25,18,0,29.81
2021,8,25,19,0,28.86
2021,8,25,20,0,28.18
2021,8,25,21,0,27.4
2021,8,25,22,0,26.65
2021,8,25,23,0,25.98
2021,8,26,0,0,25.33
2021,8,26,1,0,24.74
2021,8,26,2,0,24.32
2021,8,26,3,0,23.97
2021,8,26,4,0,23.73
2021,8,26,5,12.41,23.65
2021,8,26,6,118.62,24.9
2021,8,26,7,292.04,26.55
2021,8,26,8,454,28.84
2021,8,26,9,604.72,30.83
2021,8,26,10,698.23,32.14
2021,8,26,11,718.19,32.97
2021,8,26,12,706.05,33.57
2021,8,26,13,641.19,33.87
2021,8,26,14,539.41,33.92
2021,8,26,15,389.16,33.9
2021,8,26,16,221.09,33.39
2021,8,26,17,75.79,32.14
2021,8,26,18,0,30.19
2021,8,26,19,0,28.99
2021,8,26,20,0,28.08
2021,8,26,21,0,27.48
2021,8,26,22,0,26.96
2021,8,26,23,0,26.47
2021,8,27,0,0,26.02
2021,8,27,1,0,25.59
2021,8,27,2,0,25.17
2021,8,27,3,0,24.76
2021,8,27,4,0,24.42
2021,8,27,5,11.28,24.19
2021,8,27,6,115.01,25
2021,8,27,7,285.06,26.44
2021,8,27,8,462.11,29.12
2021,8,27,9,645.98,31.15
2021,8,27,10,772.56,32.79
2021,8,27,11,806.79,33.8
2021,8,27,12,788.9,34.3
2021,8,27,13,719.16,34.51
2021,8,27,14,551.7,34.4
2021,8,27,15,379.27,34.11
2021,8,27,16,208.11,34.11
2021,8,27,17,69.32,32.73
2021,8,27,18,0,31.35
2021,8,27,19,0,29.92
2021,8,27,20,0,28.65
2021,8,27,21,0,27.74
2021,8,27,22,0,27.04
2021,8,27,23,0,26.47
2021,8,28,0,0,26.01
2021,8,28,1,0,25.65
2021,8,28,2,0,25.37
2021,8,28,3,0,25.12
2021,8,28,4,0,24.89
2021,8,28,5,10.12,24.8
2021,8,28,6,84.55,25.88
2021,8,28,7,203.27,26.9
2021,8,28,8,326.18,29.33
2021,8,28,9,490.04,31.67
2021,8,28,10,632.16,32.92
2021,8,28,11,493.8,33.34
2021,8,28,12,604.45,33.63
2021,8,28,13,540.66,33.72
2021,8,28,14,385.77,33.58
2021,8,28,15,324.58,33.25
2021,8,28,16,188.73,32.94
2021,8,28,17,56.64,31.72
2021,8,28,18,0,29.96
2021,8,28,19,0,28.7
2021,8,28,20,0,27.9
2021,8,28,21,0,27.33
2021,8,28,22,0,26.83
2021,8,28,23,0,26.41
2021,8,29,0,0,26.05
2021,8,29,1,0,25.73
2021,8,29,2,0,25.47
2021,8,29,3,0,25.23
2021,8,29,4,0,25
2021,8,29,5,7.42,24.93
2021,8,29,6,70.55,26.17
2021,8,29,7,182.72,27.72
2021,8,29,8,289.69,29.95
2021,8,29,9,430.29,31.47
2021,8,29,10,509.12,32.58
2021,8,29,11,562.52,33.15
2021,8,29,12,470.52,33.43
2021,8,29,13,559.43,33.48
2021,8,29,14,380.34,33.31
2021,8,29,15,244.8,33.01
2021,8,29,16,147.68,32.2
2021,8,29,17,51.82,30.83
2021,8,29,18,0,29.01
2021,8,29,19,0,28.23
2021,8,29,20,0,27.66
2021,8,29,21,0,27.15
2021,8,29,22,0,26.7
2021,8,29,23,0,26.36
2021,8,30,0,0,26.05
2021,8,30,1,0,25.69
2021,8,30,2,0,25.42
2021,8,30,3,0,25.19
2021,8,30,4,0,24.98
2021,8,30,5,8.76,24.89
2021,8,30,6,85.3,26.19
2021,8,30,7,223.58,27.57
2021,8,30,8,364.72,28.73
2021,8,30,9,404.31,29.8
2021,8,30,10,576.38,30.66
2021,8,30,11,652.3,31.33
2021,8,30,12,639.17,31.8
2021,8,30,13,569.82,32.05
2021,8,30,14,515.56,32.05
2021,8,30,15,366.7,31.63
2021,8,30,16,207.87,30.8
2021,8,30,17,59.62,29.4
2021,8,30,18,0,27.88
2021,8,30,19,0,27.25
2021,8,30,20,0,26.76
2021,8,30,21,0,26.31
2021,8,30,22,0,25.9
2021,8,30,23,0,25.49
2021,8,31,0,0,25.05
2021,8,31,1,0,24.59
2021,8,31,2,0,24.14
2021,8,31,3,0,23.73
2021,8,31,4,0,23.4
2021,8,31,5,8.44,23.3
2021,8,31,6,97.14,24.4
2021,8,31,7,193.97,25.88
2021,8,31,8,285.79,27.3
2021,8,31,9,235.12,28.48
2021,8,31,10,100.62,29.54
2021,8,31,11,73.38,30.38
2021,8,31,12,97.91,31.04
2021,8,31,13,98.76,31.3
2021,8,31,14,154.96,31.26
2021,8,31,15,179.88,30.69
2021,8,31,16,90.47,29.79
2021,8,31,17,26.83,28.35
2021,8,31,18,0,26.87
2021,8,31,19,0,26.18
2021,8,31,20,0,25.65
2021,8,31,21,0,25.26
2021,8,31,22,0,24.91
2021,8,31,23,0,24.65
2021,9,1,0,0,24.42
2021,9,1,1,0,24.26
2021,9,1,2,0,24.19
2021,9,1,3,0,24.15
2021,9,1,4,0,24.1
